,7Networks_LH_Vis_1,7Networks_LH_Vis_2,7Networks_LH_Vis_3,7Networks_LH_Vis_4,7Networks_LH_Vis_5,7Networks_LH_Vis_6,7Networks_LH_Vis_7,7Networks_LH_Vis_8,7Networks_LH_Vis_9,7Networks_LH_SomMot_1,7Networks_LH_SomMot_2,7Networks_LH_SomMot_3,7Networks_LH_SomMot_4,7Networks_LH_SomMot_5,7Networks_LH_SomMot_6,7Networks_LH_DorsAttn_Post_1,7Networks_LH_DorsAttn_Post_2,7Networks_LH_DorsAttn_Post_3,7Networks_LH_DorsAttn_Post_4,7Networks_LH_DorsAttn_Post_5,7Networks_LH_DorsAttn_Post_6,7Networks_LH_DorsAttn_PrCv_1,7Networks_LH_DorsAttn_FEF_1,7Networks_LH_SalVentAttn_ParOper_1,7Networks_LH_SalVentAttn_FrOperIns_1,7Networks_LH_SalVentAttn_FrOperIns_2,7Networks_LH_SalVentAttn_PFCl_1,7Networks_LH_SalVentAttn_Med_1,7Networks_LH_SalVentAttn_Med_2,7Networks_LH_SalVentAttn_Med_3,7Networks_LH_Limbic_OFC_1,7Networks_LH_Limbic_TempPole_1,7Networks_LH_Limbic_TempPole_2,7Networks_LH_Cont_Par_1,7Networks_LH_Cont_PFCl_1,7Networks_LH_Cont_pCun_1,7Networks_LH_Cont_Cing_1,7Networks_LH_Default_Temp_1,7Networks_LH_Default_Temp_2,7Networks_LH_Default_Par_1,7Networks_LH_Default_Par_2,7Networks_LH_Default_PFC_1,7Networks_LH_Default_PFC_2,7Networks_LH_Default_PFC_3,7Networks_LH_Default_PFC_4,7Networks_LH_Default_PFC_5,7Networks_LH_Default_PFC_6,7Networks_LH_Default_PFC_7,7Networks_LH_Default_pCunPCC_1,7Networks_LH_Default_pCunPCC_2,7Networks_RH_Vis_1,7Networks_RH_Vis_2,7Networks_RH_Vis_3,7Networks_RH_Vis_4,7Networks_RH_Vis_5,7Networks_RH_Vis_6,7Networks_RH_Vis_7,7Networks_RH_Vis_8,7Networks_RH_SomMot_1,7Networks_RH_SomMot_2,7Networks_RH_SomMot_3,7Networks_RH_SomMot_4,7Networks_RH_SomMot_5,7Networks_RH_SomMot_6,7Networks_RH_SomMot_7,7Networks_RH_SomMot_8,7Networks_RH_DorsAttn_Post_1,7Networks_RH_DorsAttn_Post_2,7Networks_RH_DorsAttn_Post_3,7Networks_RH_DorsAttn_Post_4,7Networks_RH_DorsAttn_Post_5,7Networks_RH_DorsAttn_PrCv_1,7Networks_RH_DorsAttn_FEF_1,7Networks_RH_SalVentAttn_TempOccPar_1,7Networks_RH_SalVentAttn_TempOccPar_2,7Networks_RH_SalVentAttn_FrOperIns_1,7Networks_RH_SalVentAttn_Med_1,7Networks_RH_SalVentAttn_Med_2,7Networks_RH_Limbic_OFC_1,7Networks_RH_Limbic_TempPole_1,7Networks_RH_Cont_Par_1,7Networks_RH_Cont_Par_2,7Networks_RH_Cont_PFCl_1,7Networks_RH_Cont_PFCl_2,7Networks_RH_Cont_PFCl_3,7Networks_RH_Cont_PFCl_4,7Networks_RH_Cont_Cing_1,7Networks_RH_Cont_PFCmp_1,7Networks_RH_Cont_pCun_1,7Networks_RH_Default_Par_1,7Networks_RH_Default_Temp_1,7Networks_RH_Default_Temp_2,7Networks_RH_Default_Temp_3,7Networks_RH_Default_PFCv_1,7Networks_RH_Default_PFCv_2,7Networks_RH_Default_PFCdPFCm_1,7Networks_RH_Default_PFCdPFCm_2,7Networks_RH_Default_PFCdPFCm_3,7Networks_RH_Default_pCunPCC_1,7Networks_RH_Default_pCunPCC_2
7Networks_LH_Vis_1,0.0,2374.0,5172.0,269.0,378.0,2753.0,489.0,708.0,778.5,54.0,2.0,3.0,5.0,6.0,5.0,4086.5,1.0,134.0,1.0,15.0,4.0,10.0,5.0,7.0,63.0,6.0,4.0,63.0,1.0,9.0,78.0,7189.0,260.0,11.0,12.0,349.5,57.0,224.5,25.0,12.0,113.5,42.0,39.0,34.5,36.0,31.0,14.0,3.0,1299.0,287.0,5.0,6.0,5.0,27.0,17.0,21.0,11.0,62.0,3.0,0.0,0.0,0.0,0.0,0.0,0.0,3.0,2.0,0.0,0.0,21.0,11.0,0.0,0.0,1.0,0.0,2.0,1.0,3.0,3.0,5.0,1.0,2.0,1.0,0.0,0.0,0.0,6.0,3.0,55.5,0.0,3.0,2.0,2.0,0.0,0.0,5.0,5.0,1.0,14.0,19.0
7Networks_LH_Vis_2,2374.0,0.0,13446.0,13989.0,16543.0,1121.0,925.0,3986.5,854.0,70.0,3.0,10.0,7.0,8.0,4.0,9296.0,2.0,128.0,1.0,13.0,5.0,19.0,8.0,17.0,607.0,44.0,17.0,9.0,0.0,6.0,475.0,3149.0,1126.5,13.0,32.0,57.0,11.0,1837.0,105.0,34.0,139.0,425.0,369.0,34.0,300.5,71.5,16.0,6.0,69.0,17.0,9.0,16.5,15.0,126.5,67.5,47.0,34.0,192.5,4.0,0.0,0.0,0.0,0.0,0.0,0.0,0.0,5.0,0.0,0.0,41.0,7.0,0.0,0.0,1.0,0.0,4.0,0.0,1.0,5.0,10.0,1.0,4.0,4.0,0.0,1.0,0.0,3.0,3.0,95.0,0.0,5.0,5.0,3.0,1.0,0.0,13.0,6.0,0.0,31.0,21.0
7Networks_LH_Vis_3,5172.0,13446.0,0.0,507.5,8435.0,18591.0,288.0,1036.0,2712.0,29.0,1.0,3.0,3.0,3.0,1.0,1569.0,1.0,61.5,0.0,5.0,2.0,7.0,3.0,5.5,137.0,14.0,5.0,6.0,0.0,2.0,240.0,2296.5,375.0,5.0,12.0,58.5,7.0,584.5,29.5,11.0,53.0,165.0,133.5,17.0,128.0,24.0,6.0,2.0,264.5,25.0,8.0,15.0,7.0,62.0,114.0,49.0,18.0,127.5,2.0,0.0,0.0,0.0,0.0,0.0,0.0,0.0,2.0,0.0,0.0,17.0,3.0,0.0,0.0,0.0,0.0,1.0,0.0,0.0,4.0,7.0,0.0,1.0,2.0,0.0,0.0,0.0,1.0,1.0,41.5,0.0,2.0,2.0,1.0,0.0,0.0,6.0,3.0,0.0,21.0,9.0
7Networks_LH_Vis_4,269.0,13989.0,507.5,0.0,15180.0,430.0,3593.0,21409.0,819.0,115.0,3.5,8.0,5.0,5.0,3.0,5002.5,2.0,110.0,0.0,13.0,5.0,15.0,6.0,16.0,762.0,30.0,10.0,5.0,0.0,5.0,192.0,1177.0,776.0,13.0,22.0,79.5,14.0,1675.5,137.0,37.0,122.0,227.5,195.0,14.5,141.0,44.0,11.0,4.0,115.0,18.0,25.0,48.0,51.0,388.0,117.0,153.0,122.0,747.0,11.0,0.0,0.0,0.0,0.0,0.0,0.0,1.0,17.0,0.0,1.0,121.0,8.0,0.0,0.0,2.0,0.0,11.0,0.0,1.0,3.0,28.0,1.0,10.0,2.0,0.0,0.0,0.0,6.0,2.0,272.0,1.0,17.0,15.0,7.5,3.0,0.0,5.0,3.0,0.0,112.0,54.0
7Networks_LH_Vis_5,378.0,16543.0,8435.0,15180.0,0.0,6384.0,170.5,14562.5,14977.0,78.0,3.0,6.0,4.0,4.0,2.0,608.0,1.0,70.0,0.0,10.0,3.0,11.0,5.0,11.0,526.5,28.0,10.0,5.0,0.0,4.0,248.0,1263.5,605.5,10.0,19.0,68.5,13.0,1283.0,90.0,24.0,84.5,244.0,214.5,19.0,171.0,45.5,8.0,3.0,199.0,19.0,32.0,103.0,57.0,687.5,425.0,237.5,142.0,1006.0,10.0,0.0,0.0,0.0,0.0,0.0,0.0,1.0,16.0,0.0,0.0,116.0,7.5,0.0,0.0,2.0,0.0,11.0,0.0,1.0,5.0,33.0,1.0,9.0,3.0,0.0,0.0,0.0,6.0,2.0,270.5,1.0,18.0,17.0,8.0,4.0,0.0,6.0,3.0,0.0,140.0,53.0
7Networks_LH_Vis_6,2753.0,1121.0,18591.0,430.0,6384.0,0.0,63.0,1587.5,35384.0,53.0,1.0,2.0,1.0,1.0,5.0,204.0,0.0,117.0,0.0,17.0,2.0,4.0,2.0,6.0,103.0,7.0,3.0,102.0,2.0,11.0,93.0,1107.0,146.0,7.0,7.0,561.0,99.0,280.0,24.0,9.0,40.0,65.0,56.0,53.0,54.0,52.0,3.0,1.0,3801.0,357.0,32.0,77.5,36.0,356.5,433.5,313.0,100.0,828.5,9.0,0.0,0.0,0.0,0.0,0.0,1.0,4.0,10.0,0.0,1.0,82.5,15.0,1.0,0.0,2.0,1.0,8.0,2.0,4.0,5.0,27.0,2.0,6.0,3.0,0.0,1.0,1.0,11.0,6.0,218.5,1.0,12.0,11.0,6.0,3.0,1.0,7.0,8.0,1.0,138.0,46.5
7Networks_LH_Vis_7,489.0,925.0,288.0,3593.0,170.5,63.0,0.0,17409.0,551.5,309.5,13.0,42.0,157.0,169.0,26.0,21233.0,31.0,1272.5,25.5,47.0,66.5,213.0,119.0,86.0,519.0,46.0,30.0,6.0,1.0,40.5,111.0,1464.5,1492.0,146.5,168.5,144.5,14.0,1416.0,381.0,2770.0,11731.5,128.0,174.5,8.0,89.0,51.0,342.0,47.0,48.0,22.0,4.0,5.0,9.0,40.0,11.0,16.0,20.0,92.0,6.0,0.0,0.0,0.0,0.0,0.0,1.0,6.5,5.0,0.0,1.0,39.0,24.0,2.0,3.0,1.0,1.0,4.0,2.0,17.0,2.0,6.0,2.0,4.5,2.0,0.0,1.0,2.0,6.0,4.0,89.5,1.0,6.0,5.0,3.0,1.0,0.0,3.5,8.0,2.5,19.0,24.0
7Networks_LH_Vis_8,708.0,3986.5,1036.0,21409.0,14562.5,1587.5,17409.0,0.0,17829.0,1073.5,26.0,38.0,29.0,37.0,21.0,7101.0,10.0,10270.5,6.0,128.5,53.0,73.5,49.0,82.0,1527.0,57.0,27.0,10.0,2.0,26.0,182.0,1665.0,1381.0,273.0,73.0,1331.5,64.0,3278.5,615.0,174.0,1557.5,231.0,227.0,15.0,147.0,67.0,94.0,29.0,875.5,120.0,60.0,107.0,121.5,850.0,289.5,403.0,298.0,1779.0,37.0,1.0,0.0,0.0,0.0,1.0,3.0,8.0,47.0,0.0,3.0,328.0,56.0,2.0,3.0,7.0,4.0,27.0,4.0,12.0,5.0,66.0,7.0,28.0,3.0,0.0,1.0,2.0,24.0,7.0,810.5,4.0,44.5,39.0,23.0,7.0,1.0,6.0,8.5,2.0,325.0,178.0
7Networks_LH_Vis_9,778.5,854.0,2712.0,819.0,14977.0,35384.0,551.5,17829.0,0.0,415.5,9.0,10.0,6.0,7.0,6.0,655.5,3.0,1896.0,1.0,59.0,14.0,16.0,9.0,28.0,471.0,16.0,6.0,7.0,1.0,7.0,63.0,722.0,331.5,74.0,15.0,2874.5,58.5,899.0,178.5,48.0,258.0,73.0,65.0,7.0,47.0,19.5,14.5,5.0,3652.0,185.0,78.0,146.0,133.5,1054.5,547.0,612.0,377.5,2512.0,32.0,1.0,0.0,0.0,0.0,0.0,1.0,3.0,44.5,0.0,2.0,335.5,27.0,1.0,1.0,5.0,2.0,27.0,2.0,5.0,4.0,75.0,5.0,26.0,2.0,0.0,0.0,1.0,21.0,4.0,855.0,3.0,45.0,40.0,22.0,8.0,1.0,2.0,3.0,1.0,477.5,162.5
7Networks_LH_SomMot_1,54.0,70.0,29.0,115.0,78.0,53.0,309.5,1073.5,415.5,0.0,5735.5,3569.5,127.0,167.0,160.0,431.5,216.5,2488.5,34.0,768.0,604.5,870.0,120.0,6228.0,5114.5,873.0,29.0,20.0,14.0,95.0,16.0,254.5,344.0,595.5,256.0,747.0,106.5,6920.0,4562.0,3014.5,2098.0,85.0,598.0,4.0,26.0,117.0,102.0,49.0,160.0,225.5,4.0,3.0,9.0,12.0,3.0,9.0,13.0,38.0,38.5,2.0,1.0,1.0,1.0,3.0,20.0,50.0,10.0,2.0,9.0,110.0,325.0,5.0,6.0,11.0,13.0,14.0,28.0,25.0,1.0,9.0,28.5,17.0,1.0,1.0,2.0,4.0,40.0,10.0,298.5,8.0,18.0,12.0,20.0,1.0,1.0,2.0,15.0,5.0,23.0,103.0
7Networks_LH_SomMot_2,2.0,3.0,1.0,3.5,3.0,1.0,13.0,26.0,9.0,5735.5,0.0,9171.5,135.0,390.0,228.5,34.0,252.5,271.5,43.0,94.0,386.5,173.0,68.0,982.0,5649.5,1195.5,8.0,5.0,4.0,43.0,2.0,31.0,58.0,86.0,32.0,32.0,8.0,168.5,131.0,88.0,132.5,37.0,114.0,0.0,6.0,39.0,24.0,15.0,6.0,14.0,0.0,0.0,0.0,0.0,0.0,0.0,0.0,1.0,3.0,0.0,0.0,0.0,0.0,1.0,3.0,16.0,0.0,0.0,1.0,6.0,31.0,1.0,2.0,1.0,1.0,1.0,5.0,9.0,0.0,0.0,2.0,1.0,0.0,0.0,0.0,1.0,4.0,3.0,18.0,0.0,1.0,0.0,1.0,0.0,0.0,0.0,5.0,1.0,1.0,6.0
7Networks_LH_SomMot_3,3.0,10.0,3.0,8.0,6.0,2.0,42.0,38.0,10.0,3569.5,9171.5,0.0,6379.0,1452.0,1268.0,161.5,7045.5,284.0,326.5,135.5,484.0,2328.5,843.0,6314.0,4448.5,4588.5,32.0,28.0,20.0,821.0,6.0,101.5,377.0,632.5,148.5,32.0,21.0,366.5,459.0,423.0,520.5,122.0,407.0,1.0,21.0,166.5,126.0,80.0,6.0,18.0,0.0,0.0,1.0,0.0,0.0,0.0,0.0,1.0,5.0,1.0,2.0,2.0,3.0,6.0,9.0,112.5,1.0,2.0,2.0,11.0,81.0,14.0,28.0,1.0,4.0,5.0,22.0,149.5,0.0,0.0,4.0,3.0,1.0,2.0,3.0,10.0,12.0,18.0,32.0,1.0,2.0,1.0,2.0,0.0,1.0,1.0,25.0,10.0,1.0,10.0
7Networks_LH_SomMot_4,5.0,7.0,3.0,5.0,4.0,1.0,157.0,29.0,6.0,127.0,135.0,6379.0,0.0,13142.5,2157.0,594.5,5310.5,379.0,932.5,67.0,480.0,5463.0,1910.5,779.0,432.5,204.5,21.0,14.0,11.0,545.0,4.0,101.0,463.0,1399.0,199.0,14.0,15.0,120.0,161.0,330.5,1431.5,25.0,110.5,1.0,12.0,53.5,632.0,50.5,2.0,7.0,0.0,0.0,1.0,0.0,0.0,0.0,0.0,0.0,3.0,0.0,4.0,7.0,20.0,21.5,7.0,366.0,2.0,1.0,2.0,8.0,60.0,32.5,104.0,1.0,2.0,5.0,30.0,354.5,0.0,0.0,3.0,4.0,1.0,1.0,1.0,11.0,14.0,14.0,18.0,1.0,1.0,0.0,1.0,0.0,1.0,1.0,14.0,8.0,1.0,5.0
7Networks_LH_SomMot_5,6.0,8.0,3.0,5.0,4.0,1.0,169.0,37.0,7.0,167.0,390.0,1452.0,13142.5,0.0,9800.0,465.5,4324.5,1106.0,7439.5,81.0,4596.5,2192.5,11125.5,368.5,1744.0,596.0,133.0,32.0,19.0,515.0,6.0,87.0,179.5,2089.0,612.0,15.0,21.0,86.5,61.0,108.5,2180.5,104.0,486.0,2.0,47.0,276.5,2727.5,570.5,3.0,9.0,0.0,0.0,2.0,0.0,0.0,0.0,1.0,1.0,7.0,1.0,8.0,16.0,36.5,44.5,19.0,759.0,4.0,5.0,4.0,14.0,131.0,51.0,129.5,2.0,9.0,11.0,76.5,402.5,0.0,1.0,7.0,7.0,3.0,4.0,6.0,27.0,27.0,34.0,34.0,2.0,3.0,1.0,3.0,0.0,3.0,3.0,54.0,24.0,1.0,9.0
7Networks_LH_SomMot_6,5.0,4.0,1.0,3.0,2.0,5.0,26.0,21.0,6.0,160.0,228.5,1268.0,2157.0,9800.0,0.0,72.0,728.0,532.5,153.0,1759.0,9237.0,1289.5,6142.0,327.0,985.5,554.0,110.0,3715.0,8531.5,10128.5,8.0,31.5,56.5,272.0,358.0,59.0,2679.5,43.0,38.0,40.0,333.5,84.0,489.0,59.0,51.0,577.0,404.5,304.5,44.0,631.0,5.0,1.0,15.0,1.0,0.0,8.0,10.0,6.0,83.0,26.0,111.5,265.0,420.5,601.0,221.5,13859.5,34.5,94.0,47.0,100.0,1684.5,464.0,1073.0,25.0,139.0,106.5,1979.0,4106.0,3.0,10.0,77.0,63.0,13.0,21.0,22.0,149.0,881.5,391.0,417.0,18.0,32.0,11.0,30.0,3.0,21.0,18.0,239.5,101.5,24.5,139.5
7Networks_LH_DorsAttn_Post_1,4086.5,9296.0,1569.0,5002.5,608.0,204.0,21233.0,7101.0,655.5,431.5,34.0,161.5,594.5,465.5,72.0,0.0,121.0,1290.5,80.5,117.5,149.0,998.0,359.5,284.5,546.5,138.5,75.5,17.0,4.0,160.0,199.0,8292.5,12877.0,346.5,839.0,260.0,39.0,1493.0,474.5,1971.0,9765.0,176.0,423.5,15.0,141.0,137.5,1033.5,128.5,95.0,64.5,9.0,13.0,20.0,69.5,22.0,32.5,39.0,160.5,18.0,0.0,1.0,0.0,1.0,1.0,3.0,17.0,12.0,0.0,3.0,102.0,66.0,7.0,10.0,4.0,3.0,12.0,6.0,56.5,4.0,16.0,8.0,13.0,3.0,1.0,2.0,8.0,16.0,13.0,229.0,3.0,14.0,12.0,10.0,2.0,1.0,6.0,21.5,10.0,39.0,70.0
7Networks_LH_DorsAttn_Post_2,1.0,2.0,1.0,2.0,1.0,0.0,31.0,10.0,3.0,216.5,252.5,7045.5,5310.5,4324.5,728.0,121.0,0.0,896.5,6766.5,93.0,1152.5,765.0,131.5,4221.0,306.0,247.5,7.0,3.0,10.0,56.0,1.0,28.0,126.0,3263.5,73.0,11.0,12.0,61.5,86.0,117.0,586.5,11.0,72.0,0.0,4.0,20.0,141.5,18.5,1.0,8.0,0.0,0.0,0.0,0.0,0.0,0.0,0.0,0.0,6.0,1.0,1.0,2.0,1.0,4.0,12.0,84.0,1.0,2.0,2.0,9.0,99.0,2.0,4.0,2.0,6.0,3.0,23.0,18.0,0.0,0.0,5.0,2.0,0.0,0.0,0.0,2.0,11.0,3.0,28.0,1.0,2.0,1.0,2.0,0.0,0.0,0.0,4.0,2.0,1.0,8.0
7Networks_LH_DorsAttn_Post_3,134.0,128.0,61.5,110.0,70.0,117.0,1272.5,10270.5,1896.0,2488.5,271.5,284.0,379.0,1106.0,532.5,1290.5,896.5,0.0,2068.0,3908.0,5908.0,371.0,565.0,875.0,1252.0,113.0,52.5,29.0,27.0,229.0,47.0,473.5,624.5,24145.5,172.0,4636.0,165.5,1253.0,494.0,278.0,12034.5,65.0,141.0,9.0,50.0,91.5,440.0,159.0,386.0,295.5,22.0,20.0,48.0,105.5,31.0,65.0,88.5,297.5,133.0,6.0,6.0,6.0,5.0,11.0,37.0,129.0,49.0,6.0,34.0,495.0,719.0,18.0,26.0,43.0,41.0,50.0,61.0,90.0,4.0,53.0,99.5,93.0,4.0,2.0,2.0,12.0,99.5,21.0,1109.0,39.0,81.0,58.0,72.0,8.0,4.0,4.0,21.0,11.0,114.0,363.5
7Networks_LH_DorsAttn_Post_4,1.0,1.0,0.0,0.0,0.0,0.0,25.5,6.0,1.0,34.0,43.0,326.5,932.5,7439.5,153.0,80.5,6766.5,2068.0,0.0,16.0,2466.5,243.0,113.0,226.5,106.0,35.0,4.0,1.0,2.0,18.0,0.0,11.0,30.0,3961.0,36.0,3.0,3.0,15.0,11.0,19.5,614.5,3.0,19.0,0.0,2.0,7.0,146.5,12.5,0.0,2.0,0.0,0.0,0.0,0.0,0.0,0.0,0.0,0.0,2.0,0.0,0.0,0.0,0.0,1.0,4.0,25.0,0.0,1.0,1.0,4.0,30.0,1.0,2.0,0.0,2.0,1.0,6.0,9.0,0.0,0.0,2.0,1.0,0.0,0.0,0.0,1.0,3.0,1.0,9.0,0.0,1.0,0.0,1.0,0.0,0.0,0.0,1.0,1.0,0.0,3.0
7Networks_LH_DorsAttn_Post_5,15.0,13.0,5.0,13.0,10.0,17.0,47.0,128.5,59.0,768.0,94.0,135.5,67.0,81.0,1759.0,117.5,93.0,3908.0,16.0,0.0,2141.0,194.5,302.0,492.0,357.0,85.5,28.0,844.5,2471.0,1397.0,24.0,82.0,152.5,487.0,74.0,1893.0,1430.0,280.0,167.0,105.0,781.0,20.0,82.0,135.0,28.0,318.0,61.0,75.0,104.0,4000.0,21.5,9.0,47.0,23.0,5.0,33.0,50.5,60.0,388.0,27.0,29.0,29.0,21.0,61.0,184.0,1075.5,75.0,38.0,105.5,697.0,2741.5,66.0,79.0,147.0,206.0,116.0,492.5,383.5,10.0,71.5,357.0,160.5,11.0,10.0,9.0,40.0,512.0,104.0,2102.0,105.0,190.0,110.0,200.5,10.0,13.0,22.0,92.0,37.0,104.0,841.5
7Networks_LH_DorsAttn_Post_6,4.0,5.0,2.0,5.0,3.0,2.0,66.5,53.0,14.0,604.5,386.5,484.0,480.0,4596.5,9237.0,149.0,1152.5,5908.0,2466.5,2141.0,0.0,426.5,1127.0,804.0,887.0,161.0,37.0,71.0,496.0,1037.0,5.0,44.5,96.0,2512.0,119.0,60.0,180.5,129.0,84.0,75.0,1621.0,21.0,111.0,7.0,14.0,124.5,269.5,149.5,8.0,48.5,4.0,1.5,12.0,3.0,1.0,6.0,12.0,10.0,150.0,16.0,19.0,22.0,17.0,48.0,133.0,812.5,22.0,29.0,44.0,168.0,1280.5,39.0,59.0,49.0,114.0,44.0,273.0,218.0,1.0,17.0,136.5,39.5,2.0,4.0,3.0,22.0,152.0,33.0,478.5,25.0,58.0,29.0,69.0,2.0,5.0,4.0,31.0,17.0,19.0,157.0
7Networks_LH_DorsAttn_PrCv_1,10.0,19.0,7.0,15.0,11.0,4.0,213.0,73.5,16.0,870.0,173.0,2328.5,5463.0,2192.5,1289.5,998.0,765.0,371.0,243.0,194.5,426.5,0.0,5938.0,1335.5,600.0,2088.0,279.0,187.0,54.5,4530.5,14.0,268.0,1413.0,971.0,11033.0,38.0,26.0,568.0,884.0,972.0,1667.5,81.5,3239.5,4.0,88.0,1378.0,12315.0,1196.0,11.0,35.0,0.0,0.0,3.0,0.0,0.0,1.0,1.0,1.0,4.0,1.0,10.0,8.0,21.0,21.0,8.0,273.0,6.0,1.0,4.0,14.0,77.0,119.5,220.0,2.0,4.0,32.0,38.5,1219.0,1.0,1.0,7.0,10.0,7.0,13.0,19.0,104.0,17.0,146.0,36.0,4.0,5.0,1.0,2.0,0.0,10.0,6.0,218.5,114.0,3.0,15.0
7Networks_LH_DorsAttn_FEF_1,5.0,8.0,3.0,6.0,5.0,2.0,119.0,49.0,9.0,120.0,68.0,843.0,1910.5,11125.5,6142.0,359.5,131.5,565.0,113.0,302.0,1127.0,5938.0,0.0,156.5,915.0,1095.0,466.0,99.5,73.0,5845.5,6.0,88.0,243.0,582.5,924.5,27.0,20.0,98.0,91.0,129.0,1099.5,80.0,744.5,3.0,101.5,1889.0,5643.0,8221.5,4.0,16.0,1.0,0.0,7.0,0.0,0.0,1.0,3.0,2.0,7.0,2.0,29.0,33.0,76.5,63.0,16.0,716.5,14.0,4.0,9.0,20.0,125.0,330.0,521.5,5.0,8.0,65.5,89.0,2243.5,1.0,3.0,15.0,25.0,9.0,19.0,24.0,204.0,28.0,167.5,39.0,9.0,11.0,2.0,5.0,1.0,15.0,7.0,294.0,185.5,4.0,18.0
7Networks_LH_SalVentAttn_ParOper_1,7.0,17.0,5.5,16.0,11.0,6.0,86.0,82.0,28.0,6228.0,982.0,6314.0,779.0,368.5,327.0,284.5,4221.0,875.0,226.5,492.0,804.0,1335.5,156.5,0.0,860.5,716.5,21.0,15.0,18.0,123.0,10.0,154.5,926.5,1679.0,300.5,123.0,65.0,904.0,1721.0,3443.5,4886.0,40.0,405.5,2.0,16.0,78.5,181.0,45.0,20.5,83.0,1.0,0.0,2.0,1.0,0.0,2.0,3.0,5.0,25.0,2.0,2.0,2.0,1.0,4.0,22.0,76.0,4.0,3.0,7.0,57.0,294.0,5.0,7.5,7.0,12.0,10.0,33.0,31.0,0.0,3.0,18.0,8.0,1.0,1.0,1.0,5.0,31.0,8.0,157.5,3.0,9.0,5.0,11.0,0.0,1.0,1.0,12.0,5.0,5.0,46.0
7Networks_LH_SalVentAttn_FrOperIns_1,63.0,607.0,137.0,762.0,526.5,103.0,519.0,1527.0,471.0,5114.5,5649.5,4448.5,432.5,1744.0,985.5,546.5,306.0,1252.0,106.0,357.0,887.0,600.0,915.0,860.5,0.0,7057.0,246.0,137.0,28.0,859.5,336.5,4200.0,260.0,370.5,372.0,340.5,55.5,4980.5,383.5,206.5,1175.0,2347.0,1799.5,38.0,401.5,1259.5,260.5,334.5,96.0,128.0,3.0,3.0,8.0,16.0,5.0,10.0,13.0,40.0,19.0,1.0,3.0,2.0,3.0,5.0,8.0,68.0,8.0,1.0,5.0,67.0,114.0,26.5,26.0,6.0,7.0,20.0,19.0,182.0,9.0,7.0,15.0,14.0,27.0,13.0,24.0,30.0,23.0,85.0,177.0,7.0,13.0,8.0,10.0,2.0,8.0,42.5,176.5,41.0,19.5,68.0
7Networks_LH_SalVentAttn_FrOperIns_2,6.0,44.0,14.0,30.0,28.0,7.0,46.0,57.0,16.0,873.0,1195.5,4588.5,204.5,596.0,554.0,138.5,247.5,113.0,35.0,85.5,161.0,2088.0,1095.0,716.5,7057.0,0.0,294.0,251.0,35.0,1820.0,23.0,203.5,274.5,138.5,534.0,21.0,18.0,325.0,315.5,237.0,273.0,4419.0,7722.5,12.0,178.0,1767.0,379.5,639.0,10.0,31.0,0.0,0.0,1.0,0.0,0.0,0.0,0.0,1.0,2.0,0.0,3.0,1.0,2.0,5.0,3.0,51.0,2.0,0.0,1.0,5.0,28.0,47.0,39.0,1.0,2.0,21.0,14.0,360.0,2.0,0.0,3.0,3.0,17.0,17.0,31.0,66.0,7.0,155.0,17.0,1.0,2.0,0.0,1.0,0.0,12.0,18.0,285.5,96.0,2.0,8.0
7Networks_LH_SalVentAttn_PFCl_1,4.0,17.0,5.0,10.0,10.0,3.0,30.0,27.0,6.0,29.0,8.0,32.0,21.0,133.0,110.0,75.5,7.0,52.5,4.0,28.0,37.0,279.0,466.0,21.0,246.0,294.0,0.0,301.5,18.0,323.5,19.0,49.0,52.0,49.0,12953.5,7.0,14.0,40.0,22.0,23.0,154.0,150.0,2029.5,84.0,8511.0,14545.0,4281.0,9142.5,9.0,27.0,1.0,0.0,1.0,0.0,0.0,2.0,0.0,0.0,2.5,1.0,5.0,1.0,1.0,7.0,2.0,19.0,3.0,0.0,1.0,2.0,9.0,67.5,17.0,3.0,5.0,60.0,13.5,156.0,26.0,1.0,6.0,4.0,275.5,223.0,484.0,143.0,17.0,581.0,13.0,3.0,4.0,0.0,2.0,5.0,104.5,274.0,2002.5,217.5,9.0,24.0
7Networks_LH_SalVentAttn_Med_1,63.0,9.0,6.0,5.0,5.0,102.0,6.0,10.0,7.0,20.0,5.0,28.0,14.0,32.0,3715.0,17.0,3.0,29.0,1.0,844.5,71.0,187.0,99.5,15.0,137.0,251.0,301.5,0.0,3443.0,7607.5,954.0,65.0,17.0,9.0,482.5,206.0,4425.5,20.0,10.0,8.0,28.0,58.0,524.5,9259.0,559.5,14783.5,142.0,185.0,1448.5,7232.5,5.0,1.0,10.0,1.0,0.0,12.0,4.0,4.0,12.0,5.0,29.0,12.0,13.0,35.0,14.0,409.0,18.0,4.0,8.0,24.5,144.0,407.0,172.0,11.0,18.0,272.5,186.0,3067.5,250.0,11.0,26.0,26.0,357.0,285.0,518.0,540.0,138.0,3843.0,135.0,15.0,22.0,4.0,9.0,16.0,207.0,940.5,4769.5,881.5,47.5,149.0
7Networks_LH_SalVentAttn_Med_2,1.0,0.0,0.0,0.0,0.0,2.0,1.0,2.0,1.0,14.0,4.0,20.0,11.0,19.0,8531.5,4.0,10.0,27.0,2.0,2471.0,496.0,54.5,73.0,18.0,28.0,35.0,18.0,3443.0,0.0,1825.5,21.0,4.0,4.0,8.0,34.0,36.0,3392.0,5.0,4.0,3.0,11.0,4.0,40.0,298.0,24.0,468.5,17.0,24.0,27.0,1771.0,2.0,0.0,5.0,1.0,0.0,4.0,4.0,3.0,47.0,8.0,17.0,23.0,24.5,64.5,71.0,1906.0,8.0,22.0,15.0,45.0,694.0,54.0,92.0,15.0,53.0,32.0,456.0,559.5,8.0,5.0,40.5,14.0,11.0,9.0,13.0,38.0,321.0,143.0,245.0,6.0,16.0,7.0,19.0,1.0,8.0,27.0,151.0,47.0,14.0,90.5
7Networks_LH_SalVentAttn_Med_3,9.0,6.0,2.0,5.0,4.0,11.0,40.5,26.0,7.0,95.0,43.0,821.0,545.0,515.0,10128.5,160.0,56.0,229.0,18.0,1397.0,1037.0,4530.5,5845.5,123.0,859.5,1820.0,323.5,7607.5,1825.5,0.0,8.0,68.0,166.5,117.0,871.5,68.0,368.5,75.0,83.0,95.0,269.5,99.0,1075.5,50.0,117.5,5185.0,871.0,1198.5,121.0,745.5,6.0,1.0,30.0,1.0,0.0,7.0,9.0,4.0,15.0,8.5,144.0,108.0,201.0,166.5,45.0,2110.0,62.0,15.0,30.0,52.0,387.0,1465.0,1507.5,18.0,28.0,389.0,475.5,10844.5,4.0,13.5,56.0,99.0,50.0,103.5,124.0,1016.5,149.0,1495.5,153.0,40.0,49.5,5.0,15.0,7.0,101.0,41.0,1822.5,1000.5,28.0,106.0
7Networks_LH_Limbic_OFC_1,78.0,475.0,240.0,192.0,248.0,93.0,111.0,182.0,63.0,16.0,2.0,6.0,4.0,6.0,8.0,199.0,1.0,47.0,0.0,24.0,5.0,14.0,6.0,10.0,336.5,23.0,19.0,954.0,21.0,8.0,0.0,2621.0,75.0,9.0,30.0,26.0,244.0,422.5,29.0,15.0,90.0,5510.0,4685.0,10594.0,9565.0,328.0,11.0,4.0,78.0,236.5,3.0,2.0,1.0,2.0,2.0,8.0,1.0,3.0,1.0,0.0,0.0,0.0,0.0,0.0,0.0,2.0,1.0,0.0,0.0,7.0,9.5,1.0,0.0,0.0,0.0,6.0,5.0,10.0,2634.5,38.0,1.0,1.0,444.0,6.0,12.0,1.0,71.0,210.0,29.0,0.0,2.0,5.0,1.0,44.5,8.0,3455.0,216.0,2.0,34.0,53.0
7Networks_LH_Limbic_TempPole_1,7189.0,3149.0,2296.5,1177.0,1263.5,1107.0,1464.5,1665.0,722.0,254.5,31.0,101.5,101.0,87.0,31.5,8292.5,28.0,473.5,11.0,82.0,44.5,268.0,88.0,154.5,4200.0,203.5,49.0,65.0,4.0,68.0,2621.0,0.0,7840.5,100.0,248.0,301.5,61.0,8716.5,419.0,270.5,1223.0,1755.5,873.0,157.0,704.0,173.5,175.0,41.0,444.0,186.0,6.0,7.0,9.0,32.5,17.0,22.0,17.0,71.0,11.0,0.0,0.0,0.0,0.0,0.0,2.0,6.0,7.0,0.0,2.0,69.0,48.0,2.0,2.0,3.0,2.0,6.0,4.0,15.0,37.0,12.0,6.0,11.0,18.0,1.0,3.0,2.0,14.0,13.0,173.5,3.0,8.0,6.0,6.0,1.0,1.0,61.0,26.0,3.0,26.0,58.0
7Networks_LH_Limbic_TempPole_2,260.0,1126.5,375.0,776.0,605.5,146.0,1492.0,1381.0,331.5,344.0,58.0,377.0,463.0,179.5,56.5,12877.0,126.0,624.5,30.0,152.5,96.0,1413.0,243.0,926.5,260.0,274.5,52.0,17.0,4.0,166.5,75.0,7840.5,0.0,276.0,859.5,193.0,42.0,8141.5,4388.5,2959.0,4938.5,93.0,543.5,7.0,64.0,137.5,565.0,88.0,58.0,77.0,3.0,3.0,7.0,17.0,6.0,9.0,13.0,43.0,15.0,0.0,0.0,0.0,0.0,1.0,3.5,13.0,7.0,0.0,3.0,67.5,86.0,4.0,6.0,5.0,3.0,8.0,6.0,37.0,2.0,8.0,9.0,12.0,1.0,1.0,2.0,5.0,15.0,11.0,168.0,4.0,10.0,7.0,8.0,1.0,1.0,3.0,16.0,6.0,17.0,59.0
7Networks_LH_Cont_Par_1,11.0,13.0,5.0,13.0,10.0,7.0,146.5,273.0,74.0,595.5,86.0,632.5,1399.0,2089.0,272.0,346.5,3263.5,24145.5,3961.0,487.0,2512.0,971.0,582.5,1679.0,370.5,138.5,49.0,9.0,8.0,117.0,9.0,100.0,276.0,0.0,305.5,494.5,38.0,274.0,199.5,237.0,12727.5,20.0,121.5,1.0,20.0,58.0,967.5,151.5,25.0,62.5,2.0,2.0,5.0,6.0,1.5,4.0,7.0,17.0,25.0,1.0,2.0,2.0,2.0,4.0,13.0,58.0,7.0,1.0,8.0,90.5,238.5,8.0,15.0,7.0,9.0,11.0,19.0,59.5,0.5,6.0,17.0,13.0,1.0,1.0,1.0,7.0,22.0,9.5,200.0,5.0,12.0,8.0,13.0,1.0,1.0,1.0,13.0,8.0,9.0,56.0
7Networks_LH_Cont_PFCl_1,12.0,32.0,12.0,22.0,19.0,7.0,168.5,73.0,15.0,256.0,32.0,148.5,199.0,612.0,358.0,839.0,73.0,172.0,36.0,74.0,119.0,11033.0,924.5,300.5,372.0,534.0,12953.5,482.5,34.0,871.5,30.0,248.0,859.5,305.5,0.0,20.0,27.0,325.5,360.0,438.5,1011.5,262.0,19036.5,72.0,3864.0,5506.5,11987.5,2253.0,17.0,50.0,1.0,0.0,2.0,0.0,0.0,2.0,0.0,0.0,3.0,1.0,5.0,2.0,2.0,8.0,3.0,40.0,4.0,1.0,2.0,5.0,22.0,91.5,32.0,2.0,5.0,66.0,19.0,293.5,21.5,1.0,6.0,6.0,212.0,159.0,341.0,191.0,17.0,584.5,19.0,3.0,5.0,0.0,2.0,4.0,83.0,199.0,1568.5,283.0,8.0,22.5
7Networks_LH_Cont_pCun_1,349.5,57.0,58.5,79.5,68.5,561.0,144.5,1331.5,2874.5,747.0,32.0,32.0,14.0,15.0,59.0,260.0,11.0,4636.0,3.0,1893.0,60.0,38.0,27.0,123.0,340.5,21.0,7.0,206.0,36.0,68.0,26.0,301.5,193.0,494.5,20.0,0.0,649.5,451.5,167.5,79.0,1028.0,24.0,37.0,59.0,21.0,68.0,22.0,12.0,4641.5,4357.0,44.0,42.0,85.0,229.0,70.0,138.0,175.0,672.0,133.5,4.0,2.5,2.0,2.0,4.0,16.0,51.0,69.0,3.0,18.0,645.5,383.0,7.0,8.0,35.0,24.0,63.0,33.0,34.0,10.0,89.0,57.5,97.5,8.0,2.0,2.0,6.0,143.5,22.0,1707.5,33.0,98.0,78.0,75.0,14.0,4.0,8.0,18.0,5.0,257.0,627.5
7Networks_LH_Cont_Cing_1,57.0,11.0,7.0,14.0,13.0,99.0,14.0,64.0,58.5,106.5,8.0,21.0,15.0,21.0,2679.5,39.0,12.0,165.5,3.0,1430.0,180.5,26.0,20.0,65.0,55.5,18.0,14.0,4425.5,3392.0,368.5,244.0,61.0,42.0,38.0,27.0,649.5,0.0,75.0,35.0,23.0,96.0,14.0,44.0,2108.0,136.0,944.0,10.0,9.0,1846.5,11508.0,8.0,4.0,12.0,12.0,4.0,21.0,17.0,40.0,63.0,5.0,7.0,10.0,9.0,22.0,28.0,860.5,15.0,8.0,12.0,113.5,498.0,21.5,27.0,23.0,33.0,28.0,314.0,202.0,83.5,18.0,46.0,24.0,54.0,11.0,20.0,16.0,748.0,130.0,584.5,16.0,32.0,20.0,32.5,5.0,8.0,193.0,179.5,22.0,72.0,340.5
7Networks_LH_Default_Temp_1,224.5,1837.0,584.5,1675.5,1283.0,280.0,1416.0,3278.5,899.0,6920.0,168.5,366.5,120.0,86.5,43.0,1493.0,61.5,1253.0,15.0,280.0,129.0,568.0,98.0,904.0,4980.5,325.0,40.0,20.0,5.0,75.0,422.5,8716.5,8141.5,274.0,325.5,451.5,75.0,0.0,12152.0,1976.0,2861.0,465.0,654.5,30.0,232.0,127.5,193.0,47.0,129.0,147.0,4.0,4.0,10.0,20.5,9.0,14.0,17.0,56.0,24.0,1.0,0.0,0.0,0.0,1.0,7.0,14.0,9.0,1.0,5.0,108.0,173.0,2.0,3.0,7.0,6.0,10.0,10.0,16.0,8.0,9.0,15.0,16.0,6.0,1.0,2.0,3.0,26.0,9.0,268.0,6.0,15.0,10.0,13.0,1.0,1.0,16.0,17.0,3.0,27.0,90.5
7Networks_LH_Default_Temp_2,25.0,105.0,29.5,137.0,90.0,24.0,381.0,615.0,178.5,4562.0,131.0,459.0,161.0,61.0,38.0,474.5,86.0,494.0,11.0,167.0,84.0,884.0,91.0,1721.0,383.5,315.5,22.0,10.0,4.0,83.0,29.0,419.0,4388.5,199.5,360.0,167.5,35.0,12152.0,0.0,10898.5,3925.5,61.0,406.0,3.0,31.0,79.0,154.0,38.0,39.0,62.0,1.0,1.0,3.0,4.0,1.0,3.0,4.0,12.0,12.0,0.0,0.0,0.0,0.0,1.0,5.0,11.0,3.0,0.0,3.0,38.0,103.5,2.0,3.0,3.0,3.0,5.0,7.0,16.0,1.0,3.0,8.0,5.5,1.0,0.0,1.0,3.0,13.0,6.0,100.0,3.0,6.0,4.0,6.0,0.0,0.0,2.0,10.0,3.0,7.0,33.0
7Networks_LH_Default_Par_1,12.0,34.0,11.0,37.0,24.0,9.0,2770.0,174.0,48.0,3014.5,88.0,423.0,330.5,108.5,40.0,1971.0,117.0,278.0,19.5,105.0,75.0,972.0,129.0,3443.5,206.5,237.0,23.0,8.0,3.0,95.0,15.0,270.5,2959.0,237.0,438.5,79.0,23.0,1976.0,10898.5,0.0,17810.5,34.0,308.5,2.0,20.0,66.0,302.5,41.0,18.0,36.0,0.0,0.0,1.0,1.0,0.0,1.0,2.0,4.0,6.0,0.0,0.0,0.0,0.0,1.0,3.0,11.0,1.0,0.0,1.0,21.0,62.0,2.0,3.0,1.0,2.0,3.0,4.0,20.0,0.0,1.0,4.0,3.0,0.0,0.0,1.0,3.0,8.0,5.0,56.0,1.0,3.0,2.0,3.0,0.0,0.0,1.0,10.0,3.0,3.0,17.0
7Networks_LH_Default_Par_2,113.5,139.0,53.0,122.0,84.5,40.0,11731.5,1557.5,258.0,2098.0,132.5,520.5,1431.5,2180.5,333.5,9765.0,586.5,12034.5,614.5,781.0,1621.0,1667.5,1099.5,4886.0,1175.0,273.0,154.0,28.0,11.0,269.5,90.0,1223.0,4938.5,12727.5,1011.5,1028.0,96.0,2861.0,3925.5,17810.5,0.0,132.0,436.0,9.0,114.5,189.5,2533.0,387.5,98.0,191.5,6.0,5.0,12.5,21.0,5.0,12.0,20.0,53.0,42.0,2.0,2.5,3.0,4.0,6.0,16.0,74.0,13.0,2.0,11.0,190.0,353.5,18.0,30.0,12.0,11.0,23.0,24.5,136.0,2.0,14.0,26.0,24.5,3.0,3.0,4.0,19.0,45.0,27.0,425.5,9.0,23.0,17.0,22.0,2.0,3.0,4.0,43.5,21.0,26.0,131.5
7Networks_LH_Default_PFC_1,42.0,425.0,165.0,227.5,244.0,65.0,128.0,231.0,73.0,85.0,37.0,122.0,25.0,104.0,84.0,176.0,11.0,65.0,3.0,20.0,21.0,81.5,80.0,40.0,2347.0,4419.0,150.0,58.0,4.0,99.0,5510.0,1755.5,93.0,20.0,262.0,24.0,14.0,465.0,61.0,34.0,132.0,0.0,11800.0,139.0,2391.0,636.5,47.5,60.0,14.0,22.0,0.0,0.0,0.0,1.0,1.0,1.0,1.0,3.0,1.0,0.0,0.0,0.0,0.0,0.0,0.0,4.0,1.0,0.0,0.0,8.0,8.0,4.0,2.0,0.0,0.0,3.0,2.0,21.0,54.0,1.0,1.0,1.0,69.5,8.0,15.0,6.0,4.0,34.0,21.0,0.0,1.0,0.0,0.0,1.0,5.0,131.0,103.5,9.0,3.0,9.0
7Networks_LH_Default_PFC_2,39.0,369.0,133.5,195.0,214.5,56.0,174.5,227.0,65.0,598.0,114.0,407.0,110.5,486.0,489.0,423.5,72.0,141.0,19.0,82.0,111.0,3239.5,744.5,405.5,1799.5,7722.5,2029.5,524.5,40.0,1075.5,4685.0,873.0,543.5,121.5,19036.5,37.0,44.0,654.5,406.0,308.5,436.0,11800.0,0.0,304.5,11052.0,5277.5,1061.0,1219.5,30.0,74.0,1.0,0.0,1.0,0.0,1.0,2.5,1.0,1.0,2.0,1.0,4.0,1.0,2.0,6.0,3.0,37.0,3.0,0.0,1.0,8.0,23.5,61.0,28.0,2.0,3.0,45.0,16.0,264.5,184.0,2.0,5.0,5.0,575.5,110.0,226.5,112.5,19.0,423.0,30.0,3.0,3.0,1.0,1.0,11.0,63.0,697.0,1286.5,177.0,10.0,26.0
7Networks_LH_Default_PFC_3,34.5,34.0,17.0,14.5,19.0,53.0,8.0,15.0,7.0,4.0,0.0,1.0,1.0,2.0,59.0,15.0,0.0,9.0,0.0,135.0,7.0,4.0,3.0,2.0,38.0,12.0,84.0,9259.0,298.0,50.0,10594.0,157.0,7.0,1.0,72.0,59.0,2108.0,30.0,3.0,2.0,9.0,139.0,304.5,0.0,5010.0,11948.0,6.0,11.0,748.0,2632.0,4.0,4.0,2.0,3.0,2.0,13.0,1.0,2.0,2.0,1.0,3.0,0.0,0.0,2.0,2.0,16.0,1.0,0.0,1.0,5.0,20.0,13.0,4.0,1.0,3.0,36.0,19.0,64.5,3509.0,37.0,3.0,2.0,2269.0,105.5,217.0,16.0,123.0,915.0,35.0,1.0,5.0,7.0,2.0,78.0,76.0,9350.0,2577.5,28.0,57.0,96.0
7Networks_LH_Default_PFC_4,36.0,300.5,128.0,141.0,171.0,54.0,89.0,147.0,47.0,26.0,6.0,21.0,12.0,47.0,51.0,141.0,4.0,50.0,2.0,28.0,14.0,88.0,101.5,16.0,401.5,178.0,8511.0,559.5,24.0,117.5,9565.0,704.0,64.0,20.0,3864.0,21.0,136.0,232.0,31.0,20.0,114.5,2391.0,11052.0,5010.0,0.0,11912.0,338.0,519.5,63.5,156.5,2.0,3.0,1.0,2.0,1.0,7.0,1.0,1.0,2.0,1.0,4.0,1.0,0.0,4.0,1.0,11.0,2.0,0.0,1.0,4.0,9.0,22.0,6.0,2.0,3.0,50.0,13.0,75.0,1927.5,20.5,3.0,2.0,3299.0,185.5,356.0,38.0,71.0,614.0,26.0,2.0,5.0,4.0,1.0,86.5,121.0,6055.5,2739.5,60.0,35.0,67.5
7Networks_LH_Default_PFC_5,31.0,71.5,24.0,44.0,45.5,52.0,51.0,67.0,19.5,117.0,39.0,166.5,53.5,276.5,577.0,137.5,20.0,91.5,7.0,318.0,124.5,1378.0,1889.0,78.5,1259.5,1767.0,14545.0,14783.5,468.5,5185.0,328.0,173.5,137.5,58.0,5506.5,68.0,944.0,127.5,79.0,66.0,189.5,636.5,5277.5,11948.0,11912.0,0.0,1268.5,17855.0,544.5,1568.0,6.0,2.0,12.0,2.0,1.0,18.0,3.0,3.0,16.0,10.0,36.0,10.0,10.0,47.0,14.0,159.5,24.0,4.0,10.0,15.0,76.0,483.0,139.0,17.0,32.0,437.0,125.0,1665.5,489.5,14.0,38.0,32.0,2223.5,1015.0,2123.0,901.5,151.0,4895.0,107.0,22.0,32.0,4.0,13.0,48.0,570.0,3789.5,12213.0,1371.5,80.0,209.5
7Networks_LH_Default_PFC_6,14.0,16.0,6.0,11.0,8.0,3.0,342.0,94.0,14.5,102.0,24.0,126.0,632.0,2727.5,404.5,1033.5,141.5,440.0,146.5,61.0,269.5,12315.0,5643.0,181.0,260.5,379.5,4281.0,142.0,17.0,871.0,11.0,175.0,565.0,967.5,11987.5,22.0,10.0,193.0,154.0,302.5,2533.0,47.5,1061.0,6.0,338.0,1268.5,0.0,7253.5,6.0,16.0,1.0,0.0,4.0,0.0,0.0,1.0,1.0,1.0,4.0,1.0,8.0,4.0,7.0,14.0,5.0,93.0,7.0,1.0,3.0,9.0,43.0,136.0,121.0,3.0,4.0,58.0,27.0,827.5,1.0,2.0,8.0,10.0,19.0,37.0,56.0,208.5,12.0,299.5,24.0,5.0,7.0,1.0,3.0,1.0,29.0,13.0,572.0,278.0,4.0,16.0
7Networks_LH_Default_PFC_7,3.0,6.0,2.0,4.0,3.0,1.0,47.0,29.0,5.0,49.0,15.0,80.0,50.5,570.5,304.5,128.5,18.5,159.0,12.5,75.0,149.5,1196.0,8221.5,45.0,334.5,639.0,9142.5,185.0,24.0,1198.5,4.0,41.0,88.0,151.5,2253.0,12.0,9.0,47.0,38.0,41.0,387.5,60.0,1219.5,11.0,519.5,17855.0,7253.5,0.0,5.0,16.0,1.0,0.0,3.0,0.0,0.0,1.0,1.0,0.0,2.0,1.0,6.0,2.0,3.0,10.0,4.0,42.0,7.0,1.0,2.0,5.0,25.0,132.0,59.0,3.0,4.0,76.5,24.0,535.5,2.0,1.0,8.0,9.0,38.0,67.0,117.0,255.5,12.0,464.5,19.0,5.0,6.0,1.0,2.0,2.0,48.0,26.0,909.5,354.5,5.0,18.0
7Networks_LH_Default_pCunPCC_1,1299.0,69.0,264.5,115.0,199.0,3801.0,48.0,875.5,3652.0,160.0,6.0,6.0,2.0,3.0,44.0,95.0,1.0,386.0,0.0,104.0,8.0,11.0,4.0,20.5,96.0,10.0,9.0,1448.5,27.0,121.0,78.0,444.0,58.0,25.0,17.0,4641.5,1846.5,129.0,39.0,18.0,98.0,14.0,30.0,748.0,63.5,544.5,6.0,5.0,0.0,6030.0,21.0,28.0,33.5,193.0,82.0,150.0,88.0,544.0,28.0,1.0,1.0,1.0,0.0,2.0,5.0,36.5,17.0,1.0,3.0,153.5,102.0,6.0,4.0,6.0,5.0,19.0,20.0,41.0,29.5,27.0,8.0,17.0,22.0,5.0,11.0,8.0,75.0,57.0,485.0,5.0,22.0,20.0,15.0,5.0,4.0,68.0,91.0,12.0,170.0,178.0
7Networks_LH_Default_pCunPCC_2,287.0,17.0,25.0,18.0,19.0,357.0,22.0,120.0,185.0,225.5,14.0,18.0,7.0,9.0,631.0,64.5,8.0,295.5,2.0,4000.0,48.5,35.0,16.0,83.0,128.0,31.0,27.0,7232.5,1771.0,745.5,236.5,186.0,77.0,62.5,50.0,4357.0,11508.0,147.0,62.0,36.0,191.5,22.0,74.0,2632.0,156.5,1568.0,16.0,16.0,6030.0,0.0,32.0,20.0,53.5,64.0,19.0,64.0,79.0,190.0,220.5,11.0,10.5,9.0,5.0,17.0,61.0,385.0,63.5,11.0,40.0,668.5,1420.0,35.0,29.0,73.5,73.0,93.0,230.5,246.0,83.0,80.0,155.0,116.5,67.5,20.0,35.0,36.0,529.0,228.5,2320.0,61.0,131.0,92.0,115.0,15.0,17.0,198.5,319.0,51.0,194.5,1108.5
7Networks_RH_Vis_1,5.0,9.0,8.0,25.0,32.0,32.0,4.0,60.0,78.0,4.0,0.0,0.0,0.0,0.0,5.0,9.0,0.0,22.0,0.0,21.5,4.0,0.0,1.0,1.0,3.0,0.0,1.0,5.0,2.0,6.0,3.0,6.0,3.0,2.0,1.0,44.0,8.0,4.0,1.0,0.0,6.0,0.0,1.0,4.0,2.0,6.0,1.0,1.0,21.0,32.0,0.0,9520.0,11933.5,1404.5,930.5,3028.0,1999.0,1492.5,104.5,3.0,3.0,8.0,12.0,13.0,9.0,6.0,978.5,3.0,7.0,276.5,22.0,32.0,15.0,36.0,9.0,83.0,3.0,37.0,98.0,13001.5,19.0,129.5,62.5,13.0,9.0,62.0,62.5,78.0,473.5,52.0,478.5,239.0,111.0,86.0,19.0,41.0,40.0,15.0,1160.0,311.0
7Networks_RH_Vis_2,6.0,16.5,15.0,48.0,103.0,77.5,5.0,107.0,146.0,3.0,0.0,0.0,0.0,0.0,1.0,13.0,0.0,20.0,0.0,9.0,1.5,0.0,0.0,0.0,3.0,0.0,0.0,1.0,0.0,1.0,2.0,7.0,3.0,2.0,0.0,42.0,4.0,4.0,1.0,0.0,5.0,0.0,0.0,4.0,3.0,2.0,0.0,0.0,28.0,20.0,9520.0,0.0,10567.5,21344.5,18457.0,5606.0,3752.0,3867.0,94.0,3.0,3.0,2.0,3.0,3.0,4.0,3.0,243.0,1.0,4.0,160.5,18.0,12.0,5.0,39.0,8.0,419.0,0.0,3.0,516.5,4450.0,14.0,63.0,390.5,9.0,8.0,18.0,7.0,4.0,110.5,29.0,1400.0,1225.5,188.5,675.0,105.0,28.0,25.5,5.0,143.0,22.0
7Networks_RH_Vis_3,5.0,15.0,7.0,51.0,57.0,36.0,9.0,121.5,133.5,9.0,0.0,1.0,1.0,2.0,15.0,20.0,0.0,48.0,0.0,47.0,12.0,3.0,7.0,2.0,8.0,1.0,1.0,10.0,5.0,30.0,1.0,9.0,7.0,5.0,2.0,85.0,12.0,10.0,3.0,1.0,12.5,0.0,1.0,2.0,1.0,12.0,4.0,3.0,33.5,53.5,11933.5,10567.5,0.0,11437.0,360.5,207.5,22544.0,4428.0,364.5,14.0,32.0,91.5,129.0,113.0,68.5,33.0,18067.5,30.5,52.0,931.0,113.5,365.5,129.0,257.5,46.0,447.5,2.0,48.5,178.5,8464.0,132.5,1325.0,177.5,131.0,76.0,700.5,15.0,8.0,245.0,945.0,5934.5,969.0,545.0,249.0,99.0,9.0,63.5,120.5,65.0,20.0
7Networks_RH_Vis_4,27.0,126.5,62.0,388.0,687.5,356.5,40.0,850.0,1054.5,12.0,0.0,0.0,0.0,0.0,1.0,69.5,0.0,105.5,0.0,23.0,3.0,0.0,0.0,1.0,16.0,0.0,0.0,1.0,1.0,1.0,2.0,32.5,17.0,6.0,0.0,229.0,12.0,20.5,4.0,1.0,21.0,1.0,0.0,3.0,2.0,2.0,0.0,0.0,193.0,64.0,1404.5,21344.5,11437.0,0.0,12157.0,1820.0,16318.0,12196.5,273.0,5.0,4.0,3.0,3.0,4.0,6.0,5.0,253.5,1.0,7.0,225.0,30.5,13.0,5.0,72.0,14.0,1094.0,0.0,3.0,413.0,2897.5,24.0,101.5,384.0,12.0,10.0,19.0,11.0,3.0,193.0,47.0,2145.0,2314.0,524.5,775.5,145.0,24.0,32.0,6.0,206.0,21.0
7Networks_RH_Vis_5,17.0,67.5,114.0,117.0,425.0,433.5,11.0,289.5,547.0,3.0,0.0,0.0,0.0,0.0,0.0,22.0,0.0,31.0,0.0,5.0,1.0,0.0,0.0,0.0,5.0,0.0,0.0,0.0,0.0,0.0,2.0,17.0,6.0,1.5,0.0,70.0,4.0,9.0,1.0,0.0,5.0,1.0,1.0,2.0,1.0,1.0,0.0,0.0,82.0,19.0,930.5,18457.0,360.5,12157.0,0.0,23530.0,496.5,38177.5,46.5,1.0,1.0,1.0,1.0,1.0,1.0,1.0,58.0,0.0,1.0,58.0,7.0,3.0,1.0,16.0,4.0,215.5,0.0,1.0,217.0,1369.0,6.0,24.0,176.5,3.0,3.0,5.0,5.0,2.0,97.0,11.0,573.0,560.0,84.5,310.5,48.0,12.0,11.0,1.0,220.5,16.0
7Networks_RH_Vis_6,21.0,47.0,49.0,153.0,237.5,313.0,16.0,403.0,612.0,9.0,0.0,0.0,0.0,0.0,8.0,32.5,0.0,65.0,0.0,33.0,6.0,1.0,1.0,2.0,10.0,0.0,2.0,12.0,4.0,7.0,8.0,22.0,9.0,4.0,2.0,138.0,21.0,14.0,3.0,1.0,12.0,1.0,2.5,13.0,7.0,18.0,1.0,1.0,150.0,64.0,3028.0,5606.0,207.5,1820.0,23530.0,0.0,326.5,17148.0,62.0,1.0,1.0,0.0,0.0,1.0,1.0,5.0,37.0,0.0,1.0,202.0,11.0,4.0,1.0,13.0,4.0,63.5,9.0,94.5,65.0,871.0,7.0,18.0,42.5,3.0,3.0,4.0,219.0,270.0,1826.0,7.0,146.5,146.0,49.0,63.0,13.0,129.0,102.5,3.0,4407.5,583.0
7Networks_RH_Vis_7,11.0,34.0,18.0,122.0,142.0,100.0,20.0,298.0,377.5,13.0,0.0,0.0,0.0,1.0,10.0,39.0,0.0,88.5,0.0,50.5,12.0,1.0,3.0,3.0,13.0,0.0,0.0,4.0,4.0,9.0,1.0,17.0,13.0,7.0,0.0,175.0,17.0,17.0,4.0,2.0,20.0,1.0,1.0,1.0,1.0,3.0,1.0,1.0,88.0,79.0,1999.0,3752.0,22544.0,16318.0,496.5,326.5,0.0,17882.5,769.5,15.0,11.0,11.0,14.0,24.5,37.0,22.0,5549.0,6.0,37.0,10074.0,123.0,61.0,55.0,173.5,45.0,616.5,1.0,18.0,137.5,1840.5,58.0,492.5,121.0,19.0,16.0,82.0,21.0,3.0,849.0,73.0,1452.0,1452.0,860.0,234.0,52.0,8.0,27.0,43.0,182.0,32.0
7Networks_RH_Vis_8,62.0,192.5,127.5,747.0,1006.0,828.5,92.0,1779.0,2512.0,38.0,1.0,1.0,0.0,1.0,6.0,160.5,0.0,297.5,0.0,60.0,10.0,1.0,2.0,5.0,40.0,1.0,0.0,4.0,3.0,4.0,3.0,71.0,43.0,17.0,0.0,672.0,40.0,56.0,12.0,4.0,53.0,3.0,1.0,2.0,1.0,3.0,1.0,0.0,544.0,190.0,1492.5,3867.0,4428.0,12196.5,38177.5,17148.0,17882.5,0.0,740.5,11.0,6.0,4.0,5.0,8.0,12.0,11.0,540.5,2.0,14.0,3758.5,72.0,21.0,14.0,127.0,33.0,658.5,2.0,12.0,139.5,1453.0,40.0,183.0,120.0,9.0,8.0,30.0,40.0,6.0,4108.5,49.0,1244.0,1491.5,739.0,242.0,48.5,10.0,19.0,13.0,2030.5,155.0
7Networks_RH_SomMot_1,3.0,4.0,2.0,11.0,10.0,9.0,6.0,37.0,32.0,38.5,3.0,5.0,3.0,7.0,83.0,18.0,6.0,133.0,2.0,388.0,150.0,4.0,7.0,25.0,19.0,2.0,2.5,12.0,47.0,15.0,1.0,11.0,15.0,25.0,3.0,133.5,63.0,24.0,12.0,6.0,42.0,1.0,2.0,2.0,2.0,16.0,4.0,2.0,28.0,220.5,104.5,94.0,364.5,273.0,46.5,62.0,769.5,740.5,0.0,5528.5,724.0,58.0,26.0,109.0,403.5,200.0,833.5,77.0,401.0,2873.0,1698.5,140.5,70.0,2782.5,5841.0,4693.5,25.0,49.0,20.0,256.0,571.0,1193.5,60.0,57.5,37.0,87.0,119.0,17.0,916.0,192.0,562.0,6046.5,6297.5,109.0,223.0,6.0,116.0,57.0,97.0,89.0
7Networks_RH_SomMot_2,0.0,0.0,0.0,0.0,0.0,0.0,0.0,1.0,1.0,2.0,0.0,1.0,0.0,1.0,26.0,0.0,1.0,6.0,0.0,27.0,16.0,1.0,2.0,2.0,1.0,0.0,1.0,5.0,8.0,8.5,0.0,0.0,0.0,1.0,1.0,4.0,5.0,1.0,0.0,0.0,2.0,0.0,1.0,1.0,1.0,10.0,1.0,1.0,1.0,11.0,3.0,3.0,14.0,5.0,1.0,1.0,15.0,11.0,5528.5,0.0,6547.0,107.0,17.0,208.0,453.0,213.5,37.0,142.0,138.0,195.5,344.5,97.5,42.0,191.5,3656.0,6228.5,6.0,33.0,2.0,21.0,309.0,78.5,29.0,24.0,18.0,26.5,9.0,8.0,40.0,31.0,77.0,60.0,171.0,63.0,168.0,2.0,73.5,33.0,3.0,4.0
7Networks_RH_SomMot_3,0.0,0.0,0.0,0.0,0.0,0.0,0.0,0.0,0.0,1.0,0.0,2.0,4.0,8.0,111.5,1.0,1.0,6.0,0.0,29.0,19.0,10.0,29.0,2.0,3.0,3.0,5.0,29.0,17.0,144.0,0.0,0.0,0.0,2.0,5.0,2.5,7.0,0.0,0.0,0.0,2.5,0.0,4.0,3.0,4.0,36.0,8.0,6.0,1.0,10.5,3.0,3.0,32.0,4.0,1.0,1.0,11.0,6.0,724.0,6547.0,0.0,5468.0,154.0,883.5,513.5,971.5,80.5,2509.0,965.0,131.0,250.5,1951.5,568.5,141.0,7061.5,6666.0,12.0,550.0,4.0,30.0,1285.5,274.0,76.0,94.0,58.0,121.0,10.0,38.5,20.0,153.5,119.0,24.0,104.0,115.5,443.0,5.0,244.5,127.0,2.0,4.0
7Networks_RH_SomMot_4,0.0,0.0,0.0,0.0,0.0,0.0,0.0,0.0,0.0,1.0,0.0,2.0,7.0,16.0,265.0,0.0,2.0,6.0,0.0,29.0,22.0,8.0,33.0,2.0,2.0,1.0,1.0,12.0,23.0,108.0,0.0,0.0,0.0,2.0,2.0,2.0,10.0,0.0,0.0,0.0,3.0,0.0,1.0,0.0,1.0,10.0,4.0,2.0,1.0,9.0,8.0,2.0,91.5,3.0,1.0,0.0,11.0,4.0,58.0,107.0,5468.0,0.0,5364.5,5104.0,1135.0,1798.0,231.5,4698.0,1444.0,245.0,241.0,2999.0,508.5,57.0,1031.0,398.0,8.0,245.5,2.0,40.0,900.0,1042.0,19.0,44.0,18.0,215.0,10.0,13.0,11.0,306.5,153.5,15.0,42.0,15.0,60.0,1.0,50.0,42.0,1.0,1.0
7Networks_RH_SomMot_5,0.0,0.0,0.0,0.0,0.0,0.0,0.0,0.0,0.0,1.0,0.0,3.0,20.0,36.5,420.5,1.0,1.0,5.0,0.0,21.0,17.0,21.0,76.5,1.0,3.0,2.0,1.0,13.0,24.5,201.0,0.0,0.0,0.0,2.0,2.0,2.0,9.0,0.0,0.0,0.0,4.0,0.0,2.0,0.0,0.0,10.0,7.0,3.0,0.0,5.0,12.0,3.0,129.0,3.0,1.0,0.0,14.0,5.0,26.0,17.0,154.0,5364.5,0.0,11066.5,825.5,450.5,291.5,513.0,525.5,215.5,138.0,2244.5,2859.5,22.0,33.0,103.5,4.0,176.5,2.0,45.0,221.0,960.0,14.0,30.0,20.0,449.0,5.0,10.0,7.0,163.5,114.5,17.0,26.0,8.0,26.0,1.0,34.0,88.0,0.0,1.0
7Networks_RH_SomMot_6,0.0,0.0,0.0,0.0,0.0,0.0,0.0,1.0,0.0,3.0,1.0,6.0,21.5,44.5,601.0,1.0,4.0,11.0,1.0,61.0,48.0,21.0,63.0,4.0,5.0,5.0,7.0,35.0,64.5,166.5,0.0,0.0,1.0,4.0,8.0,4.0,22.0,1.0,1.0,1.0,6.0,0.0,6.0,2.0,4.0,47.0,14.0,10.0,2.0,17.0,13.0,3.0,113.0,4.0,1.0,1.0,24.5,8.0,109.0,208.0,883.5,5104.0,11066.5,0.0,5918.0,7355.0,278.0,7092.0,1403.5,435.0,604.5,1731.0,7637.0,37.0,283.0,945.5,13.0,384.0,5.0,47.0,325.5,1082.0,91.5,180.5,118.0,1589.0,17.0,29.5,17.0,125.0,102.5,23.0,42.0,46.0,214.5,5.0,236.0,564.5,1.0,3.0
7Networks_RH_SomMot_7,0.0,0.0,0.0,0.0,0.0,1.0,1.0,3.0,1.0,20.0,3.0,9.0,7.0,19.0,221.5,3.0,12.0,37.0,4.0,184.0,133.0,8.0,16.0,22.0,8.0,3.0,2.0,14.0,71.0,45.0,0.0,2.0,3.5,13.0,3.0,16.0,28.0,7.0,5.0,3.0,16.0,0.0,3.0,2.0,1.0,14.0,5.0,4.0,5.0,61.0,9.0,4.0,68.5,6.0,1.0,1.0,37.0,12.0,403.5,453.0,513.5,1135.0,825.5,5918.0,0.0,4163.5,217.5,4798.0,2767.5,1026.5,4365.5,587.5,684.0,64.0,687.0,1069.0,17.0,134.0,3.0,40.0,609.0,1018.5,31.0,65.0,34.0,445.0,21.0,11.0,31.5,77.5,97.5,40.0,80.0,26.0,87.0,2.0,74.0,127.5,2.0,5.0
7Networks_RH_SomMot_8,3.0,0.0,0.0,1.0,1.0,4.0,6.5,8.0,3.0,50.0,16.0,112.5,366.0,759.0,13859.5,17.0,84.0,129.0,25.0,1075.5,812.5,273.0,716.5,76.0,68.0,51.0,19.0,409.0,1906.0,2110.0,2.0,6.0,13.0,58.0,40.0,51.0,860.5,14.0,11.0,11.0,74.0,4.0,37.0,16.0,11.0,159.5,93.0,42.0,36.5,385.0,6.0,3.0,33.0,5.0,1.0,5.0,22.0,11.0,200.0,213.5,971.5,1798.0,450.5,7355.0,4163.5,0.0,79.0,590.0,157.0,270.5,6696.0,985.0,5447.5,51.0,604.0,774.5,8327.5,12875.0,7.0,23.0,178.5,181.0,69.5,116.5,80.0,367.5,2451.0,1073.0,408.5,43.0,72.0,20.0,55.0,30.0,153.0,36.5,447.5,308.5,17.0,115.0
7Networks_RH_DorsAttn_Post_1,2.0,5.0,2.0,17.0,16.0,10.0,5.0,47.0,44.5,10.0,0.0,1.0,2.0,4.0,34.5,12.0,1.0,49.0,0.0,75.0,22.0,6.0,14.0,4.0,8.0,2.0,3.0,18.0,8.0,62.0,1.0,7.0,7.0,7.0,4.0,69.0,15.0,9.0,3.0,1.0,13.0,1.0,3.0,1.0,2.0,24.0,7.0,7.0,17.0,63.5,978.5,243.0,18067.5,253.5,58.0,37.0,5549.0,540.5,833.5,37.0,80.5,231.5,291.5,278.0,217.5,79.0,0.0,79.5,174.0,4777.5,270.0,822.0,326.5,4089.0,124.0,617.0,4.0,114.5,73.0,1843.0,536.5,6909.0,144.0,266.5,114.0,1314.0,21.0,14.0,398.0,8985.5,5884.5,1173.0,1450.5,143.0,158.5,6.0,118.0,258.5,35.5,20.0
7Networks_RH_DorsAttn_Post_2,0.0,0.0,0.0,0.0,0.0,0.0,0.0,0.0,0.0,2.0,0.0,2.0,1.0,5.0,94.0,0.0,2.0,6.0,1.0,38.0,29.0,1.0,4.0,3.0,1.0,0.0,0.0,4.0,22.0,15.0,0.0,0.0,0.0,1.0,1.0,3.0,8.0,1.0,0.0,0.0,2.0,0.0,0.0,0.0,0.0,4.0,1.0,1.0,1.0,11.0,3.0,1.0,30.5,1.0,0.0,0.0,6.0,2.0,77.0,142.0,2509.0,4698.0,513.0,7092.0,4798.0,590.0,79.5,0.0,8213.0,396.0,434.5,506.0,97.0,27.0,4106.5,378.5,7.0,36.0,1.0,14.0,1290.0,631.0,9.0,26.0,9.0,128.0,7.0,4.0,9.0,100.0,45.0,9.0,23.0,8.0,44.0,0.0,22.0,24.0,0.0,1.0
7Networks_RH_DorsAttn_Post_3,0.0,0.0,0.0,1.0,0.0,1.0,1.0,3.0,2.0,9.0,1.0,2.0,2.0,4.0,47.0,3.0,2.0,34.0,1.0,105.5,44.0,4.0,9.0,7.0,5.0,1.0,1.0,8.0,15.0,30.0,0.0,2.0,3.0,8.0,2.0,18.0,12.0,5.0,3.0,1.0,11.0,0.0,1.0,1.0,1.0,10.0,3.0,2.0,3.0,40.0,7.0,4.0,52.0,7.0,1.0,1.0,37.0,14.0,401.0,138.0,965.0,1444.0,525.5,1403.5,2767.5,157.0,174.0,8213.0,0.0,6779.0,938.5,1187.0,255.5,69.0,1210.5,528.0,5.0,74.0,2.0,35.5,7223.0,8127.0,22.0,93.5,27.0,522.0,12.0,7.0,61.0,270.0,111.0,51.0,106.5,12.0,91.0,1.0,46.5,89.0,2.0,5.5
7Networks_RH_DorsAttn_Post_4,21.0,41.0,17.0,121.0,116.0,82.5,39.0,328.0,335.5,110.0,6.0,11.0,8.0,14.0,100.0,102.0,9.0,495.0,4.0,697.0,168.0,14.0,20.0,57.0,67.0,5.0,2.0,24.5,45.0,52.0,7.0,69.0,67.5,90.5,5.0,645.5,113.5,108.0,38.0,21.0,190.0,8.0,8.0,5.0,4.0,15.0,9.0,5.0,153.5,668.5,276.5,160.5,931.0,225.0,58.0,202.0,10074.0,3758.5,2873.0,195.5,131.0,245.0,215.5,435.0,1026.5,270.5,4777.5,396.0,6779.0,0.0,6156.0,388.5,371.5,500.5,433.5,976.5,26.0,163.0,44.0,567.0,1764.5,13174.5,63.0,61.5,34.0,369.0,143.0,21.0,5922.5,400.0,1014.0,905.0,1120.0,88.0,72.5,7.0,66.0,162.5,370.0,180.5
7Networks_RH_DorsAttn_Post_5,11.0,7.0,3.0,8.0,7.5,15.0,24.0,56.0,27.0,325.0,31.0,81.0,60.0,131.0,1684.5,66.0,99.0,719.0,30.0,2741.5,1280.5,77.0,125.0,294.0,114.0,28.0,9.0,144.0,694.0,387.0,9.5,48.0,86.0,238.5,22.0,383.0,498.0,173.0,103.5,62.0,353.5,8.0,23.5,20.0,9.0,76.0,43.0,25.0,102.0,1420.0,22.0,18.0,113.5,30.5,7.0,11.0,123.0,72.0,1698.5,344.5,250.5,241.0,138.0,604.5,4365.5,6696.0,270.0,434.5,938.5,6156.0,0.0,448.5,962.5,380.0,1010.0,909.0,3270.5,2590.0,13.0,126.5,1292.0,773.5,36.0,64.0,39.0,206.0,1118.0,346.0,3966.5,196.0,439.5,240.5,537.5,30.0,83.5,49.0,304.5,227.0,29.0,218.5
7Networks_RH_DorsAttn_PrCv_1,0.0,0.0,0.0,0.0,0.0,1.0,2.0,2.0,1.0,5.0,1.0,14.0,32.5,51.0,464.0,7.0,2.0,18.0,1.0,66.0,39.0,119.5,330.0,5.0,26.5,47.0,67.5,407.0,54.0,1465.0,1.0,2.0,4.0,8.0,91.5,7.0,21.5,2.0,2.0,2.0,18.0,4.0,61.0,13.0,22.0,483.0,136.0,132.0,6.0,35.0,32.0,12.0,365.5,13.0,3.0,4.0,61.0,21.0,140.5,97.5,1951.5,2999.0,2244.5,1731.0,587.5,985.0,822.0,506.0,1187.0,388.5,448.5,0.0,6093.0,386.5,718.0,3164.0,57.5,4034.0,10.0,189.5,2183.5,1972.0,397.5,4960.0,611.0,22217.0,28.0,390.0,71.0,1166.0,845.5,62.0,234.0,67.0,4854.0,16.0,2529.0,3201.0,10.0,21.0
7Networks_RH_DorsAttn_FEF_1,0.0,0.0,0.0,0.0,0.0,0.0,3.0,3.0,1.0,6.0,2.0,28.0,104.0,129.5,1073.0,10.0,4.0,26.0,2.0,79.0,59.0,220.0,521.5,7.5,26.0,39.0,17.0,172.0,92.0,1507.5,0.0,2.0,6.0,15.0,32.0,8.0,27.0,3.0,3.0,3.0,30.0,2.0,28.0,4.0,6.0,139.0,121.0,59.0,4.0,29.0,15.0,5.0,129.0,5.0,1.0,1.0,55.0,14.0,70.0,42.0,568.5,508.5,2859.5,7637.0,684.0,5447.5,326.5,97.0,255.5,371.5,962.5,6093.0,0.0,60.0,103.0,1022.5,54.0,5355.0,5.0,56.0,245.0,788.0,120.0,339.0,264.0,4989.5,20.0,75.0,47.0,172.5,165.0,28.0,56.5,30.5,258.0,5.0,838.0,7520.5,3.0,6.0
7Networks_RH_SalVentAttn_TempOccPar_1,1.0,1.0,0.0,2.0,2.0,2.0,1.0,7.0,5.0,11.0,1.0,1.0,1.0,2.0,25.0,4.0,2.0,43.0,0.0,147.0,49.0,2.0,5.0,7.0,6.0,1.0,3.0,11.0,15.0,18.0,0.0,3.0,5.0,7.0,2.0,35.0,23.0,7.0,3.0,1.0,12.0,0.0,2.0,1.0,2.0,17.0,3.0,3.0,6.0,73.5,36.0,39.0,257.5,72.0,16.0,13.0,173.5,127.0,2782.5,191.5,141.0,57.0,22.0,37.0,64.0,51.0,4089.0,27.0,69.0,500.5,380.0,386.5,60.0,0.0,2570.0,589.0,8.0,56.0,15.0,357.5,3237.5,765.5,72.5,198.0,45.0,207.0,41.0,14.0,223.5,10530.0,4937.0,420.5,11527.0,51.0,228.0,3.0,118.5,63.0,20.0,23.0
7Networks_RH_SalVentAttn_TempOccPar_2,0.0,0.0,0.0,0.0,0.0,1.0,1.0,4.0,2.0,13.0,1.0,4.0,2.0,9.0,139.0,3.0,6.0,41.0,2.0,206.0,114.0,4.0,8.0,12.0,7.0,2.0,5.0,18.0,53.0,28.0,0.0,2.0,3.0,9.0,5.0,24.0,33.0,6.0,3.0,2.0,11.0,0.0,3.0,3.0,3.0,32.0,4.0,4.0,5.0,73.0,9.0,8.0,46.0,14.0,4.0,4.0,45.0,33.0,5841.0,3656.0,7061.5,1031.0,33.0,283.0,687.0,604.0,124.0,4106.5,1210.5,433.5,1010.0,718.0,103.0,2570.0,0.0,2628.5,29.0,99.0,6.0,71.0,4717.0,248.5,103.0,191.0,61.0,107.0,51.0,24.5,156.0,252.0,491.0,140.0,976.0,87.5,543.5,5.0,214.0,91.0,9.0,16.0
7Networks_RH_SalVentAttn_FrOperIns_1,2.0,4.0,1.0,11.0,11.0,8.0,4.0,27.0,27.0,14.0,1.0,5.0,5.0,11.0,106.5,12.0,3.0,50.0,1.0,116.0,44.0,32.0,65.5,10.0,20.0,21.0,60.0,272.5,32.0,389.0,6.0,6.0,8.0,11.0,66.0,63.0,28.0,10.0,5.0,3.0,23.0,3.0,45.0,36.0,50.0,437.0,58.0,76.5,19.0,93.0,83.0,419.0,447.5,1094.0,215.5,63.5,616.5,658.5,4693.5,6228.5,6666.0,398.0,103.5,945.5,1069.0,774.5,617.0,378.5,528.0,976.5,909.0,3164.0,1022.5,589.0,2628.5,0.0,41.0,1475.0,297.5,2291.0,1423.0,721.5,867.5,521.5,536.5,668.5,50.0,337.5,300.5,365.5,681.0,2886.5,583.0,5873.5,9936.0,69.0,2455.5,1373.5,47.0,58.0
7Networks_RH_SalVentAttn_Med_1,1.0,0.0,0.0,0.0,0.0,2.0,2.0,4.0,2.0,28.0,5.0,22.0,30.0,76.5,1979.0,6.0,23.0,61.0,6.0,492.5,273.0,38.5,89.0,33.0,19.0,14.0,13.5,186.0,456.0,475.5,5.0,4.0,6.0,19.0,19.0,33.0,314.0,10.0,7.0,4.0,24.5,2.0,16.0,19.0,13.0,125.0,27.0,24.0,20.0,230.5,3.0,0.0,2.0,0.0,0.0,9.0,1.0,2.0,25.0,6.0,12.0,8.0,4.0,13.0,17.0,8327.5,4.0,7.0,5.0,26.0,3270.5,57.5,54.0,8.0,29.0,41.0,0.0,5632.0,8.0,4.0,18.0,6.0,10.0,13.0,12.0,17.0,4112.5,1553.5,2266.5,4.0,9.0,4.0,10.0,2.0,15.0,180.0,453.0,38.0,41.0,674.0
7Networks_RH_SalVentAttn_Med_2,3.0,1.0,0.0,1.0,1.0,4.0,17.0,12.0,5.0,25.0,9.0,149.5,354.5,402.5,4106.0,56.5,18.0,90.0,9.0,383.5,218.0,1219.0,2243.5,31.0,182.0,360.0,156.0,3067.5,559.5,10844.5,10.0,15.0,37.0,59.5,293.5,34.0,202.0,16.0,16.0,20.0,136.0,21.0,264.5,64.5,75.0,1665.5,827.5,535.5,41.0,246.0,37.0,3.0,48.5,3.0,1.0,94.5,18.0,12.0,49.0,33.0,550.0,245.5,176.5,384.0,134.0,12875.0,114.5,36.0,74.0,163.0,2590.0,4034.0,5355.0,56.0,99.0,1475.0,5632.0,0.0,24.0,45.0,182.0,195.5,125.0,269.0,188.0,732.5,2220.5,11855.5,1879.5,116.5,119.0,13.0,42.0,27.0,302.5,453.0,4992.5,1641.5,455.5,2394.5
7Networks_RH_Limbic_OFC_1,3.0,5.0,4.0,3.0,5.0,5.0,2.0,5.0,4.0,1.0,0.0,0.0,0.0,0.0,3.0,4.0,0.0,4.0,0.0,10.0,1.0,1.0,1.0,0.0,9.0,2.0,26.0,250.0,8.0,4.0,2634.5,37.0,2.0,0.5,21.5,10.0,83.5,8.0,1.0,0.0,2.0,54.0,184.0,3509.0,1927.5,489.5,1.0,2.0,29.5,83.0,98.0,516.5,178.5,413.0,217.0,65.0,137.5,139.5,20.0,2.0,4.0,2.0,2.0,5.0,3.0,7.0,73.0,1.0,2.0,44.0,13.0,10.0,5.0,15.0,6.0,297.5,8.0,24.0,0.0,3981.0,7.0,32.0,10180.5,26.0,41.0,13.0,111.0,449.0,41.0,14.0,290.5,854.5,39.0,9396.5,157.5,11078.5,568.0,10.0,53.0,80.0
7Networks_RH_Limbic_TempPole_1,5.0,10.0,7.0,28.0,33.0,27.0,6.0,66.0,75.0,9.0,0.0,0.0,0.0,1.0,10.0,16.0,0.0,53.0,0.0,71.5,17.0,1.0,3.0,3.0,7.0,0.0,1.0,11.0,5.0,13.5,38.0,12.0,8.0,6.0,1.0,89.0,18.0,9.0,3.0,1.0,14.0,1.0,2.0,37.0,20.5,14.0,2.0,1.0,27.0,80.0,13001.5,4450.0,8464.0,2897.5,1369.0,871.0,1840.5,1453.0,256.0,21.0,30.0,40.0,45.0,47.0,40.0,23.0,1843.0,14.0,35.5,567.0,126.5,189.5,56.0,357.5,71.0,2291.0,4.0,45.0,3981.0,0.0,164.0,573.0,843.5,98.0,47.0,316.5,51.0,46.0,400.0,443.5,15300.5,4840.0,689.0,1681.5,167.5,207.0,82.0,61.0,402.0,143.5
7Networks_RH_Cont_Par_1,1.0,1.0,0.0,1.0,1.0,2.0,2.0,7.0,5.0,28.5,2.0,4.0,3.0,7.0,77.0,8.0,5.0,99.5,2.0,357.0,136.5,7.0,15.0,18.0,15.0,3.0,6.0,26.0,40.5,56.0,1.0,6.0,9.0,17.0,6.0,57.5,46.0,15.0,8.0,4.0,26.0,1.0,5.0,3.0,3.0,38.0,8.0,8.0,8.0,155.0,19.0,14.0,132.5,24.0,6.0,7.0,58.0,40.0,571.0,309.0,1285.5,900.0,221.0,325.5,609.0,178.5,536.5,1290.0,7223.0,1764.5,1292.0,2183.5,245.0,3237.5,4717.0,1423.0,18.0,182.0,7.0,164.0,0.0,4372.5,104.5,386.5,85.0,710.0,74.0,28.0,349.5,6387.0,1405.5,109.5,924.5,49.0,494.5,5.0,211.0,169.5,14.0,36.0
7Networks_RH_Cont_Par_2,2.0,4.0,1.0,10.0,9.0,6.0,4.5,28.0,26.0,17.0,1.0,3.0,4.0,7.0,63.0,13.0,2.0,93.0,1.0,160.5,39.5,10.0,25.0,8.0,14.0,3.0,4.0,26.0,14.0,99.0,1.0,11.0,12.0,13.0,6.0,97.5,24.0,16.0,5.5,3.0,24.5,1.0,5.0,2.0,2.0,32.0,10.0,9.0,17.0,116.5,129.5,63.0,1325.0,101.5,24.0,18.0,492.5,183.0,1193.5,78.5,274.0,1042.0,960.0,1082.0,1018.5,181.0,6909.0,631.0,8127.0,13174.5,773.5,1972.0,788.0,765.5,248.5,721.5,6.0,195.5,32.0,573.0,4372.5,0.0,105.0,311.0,139.0,2140.0,32.0,18.0,482.5,6706.5,1687.0,655.5,977.5,72.0,190.0,4.0,155.0,430.5,27.0,29.0
7Networks_RH_Cont_PFCl_1,1.0,4.0,2.0,2.0,3.0,3.0,2.0,3.0,2.0,1.0,0.0,1.0,1.0,3.0,13.0,3.0,0.0,4.0,0.0,11.0,2.0,7.0,9.0,1.0,27.0,17.0,275.5,357.0,11.0,50.0,444.0,18.0,1.0,1.0,212.0,8.0,54.0,6.0,1.0,0.0,3.0,69.5,575.5,2269.0,3299.0,2223.5,19.0,38.0,22.0,67.5,62.5,390.5,177.5,384.0,176.5,42.5,121.0,120.0,60.0,29.0,76.0,19.0,14.0,91.5,31.0,69.5,144.0,9.0,22.0,63.0,36.0,397.5,120.0,72.5,103.0,867.5,10.0,125.0,10180.5,843.5,104.5,105.0,0.0,8787.0,9323.0,849.0,34.0,295.0,37.0,76.0,322.0,236.0,78.5,6263.0,4382.0,2361.5,7449.5,718.5,24.0,37.0
7Networks_RH_Cont_PFCl_2,0.0,0.0,0.0,0.0,0.0,0.0,0.0,0.0,0.0,1.0,0.0,2.0,1.0,4.0,21.0,1.0,0.0,2.0,0.0,10.0,4.0,13.0,19.0,1.0,13.0,17.0,223.0,285.0,9.0,103.5,6.0,1.0,1.0,1.0,159.0,2.0,11.0,1.0,0.0,0.0,3.0,8.0,110.0,105.5,185.5,1015.0,37.0,67.0,5.0,20.0,13.0,9.0,131.0,12.0,3.0,3.0,19.0,9.0,57.5,24.0,94.0,44.0,30.0,180.5,65.0,116.5,266.5,26.0,93.5,61.5,64.0,4960.0,339.0,198.0,191.0,521.5,13.0,269.0,26.0,98.0,386.5,311.0,8787.0,0.0,7096.0,7552.5,13.0,241.5,22.0,301.0,471.0,29.0,132.0,86.0,5946.0,92.0,3172.5,1439.0,8.0,16.0
7Networks_RH_Cont_PFCl_3,0.0,1.0,0.0,0.0,0.0,1.0,1.0,1.0,0.0,2.0,0.0,3.0,1.0,6.0,22.0,2.0,0.0,2.0,0.0,9.0,3.0,19.0,24.0,1.0,24.0,31.0,484.0,518.0,13.0,124.0,12.0,3.0,2.0,1.0,341.0,2.0,20.0,2.0,1.0,1.0,4.0,15.0,226.5,217.0,356.0,2123.0,56.0,117.0,11.0,35.0,9.0,8.0,76.0,10.0,3.0,3.0,16.0,8.0,37.0,18.0,58.0,18.0,20.0,118.0,34.0,80.0,114.0,9.0,27.0,34.0,39.0,611.0,264.0,45.0,61.0,536.5,12.0,188.0,41.0,47.0,85.0,139.0,9323.0,7096.0,0.0,7280.0,14.0,275.5,15.0,67.0,132.5,16.0,38.5,60.0,894.0,134.0,10785.5,11134.0,7.0,16.0
7Networks_RH_Cont_PFCl_4,0.0,0.0,0.0,0.0,0.0,1.0,2.0,2.0,1.0,4.0,1.0,10.0,11.0,27.0,149.0,8.0,2.0,12.0,1.0,40.0,22.0,104.0,204.0,5.0,30.0,66.0,143.0,540.0,38.0,1016.5,1.0,2.0,5.0,7.0,191.0,6.0,16.0,3.0,3.0,3.0,19.0,6.0,112.5,16.0,38.0,901.5,208.5,255.5,8.0,36.0,62.0,18.0,700.5,19.0,5.0,4.0,82.0,30.0,87.0,26.5,121.0,215.0,449.0,1589.0,445.0,367.5,1314.0,128.0,522.0,369.0,206.0,22217.0,4989.5,207.0,107.0,668.5,17.0,732.5,13.0,316.5,710.0,2140.0,849.0,7552.5,7280.0,0.0,12.0,209.5,36.0,763.5,944.5,100.0,184.5,37.0,708.5,16.0,1552.5,8509.5,6.0,11.0
7Networks_RH_Cont_Cing_1,6.0,3.0,1.0,6.0,6.0,11.0,6.0,24.0,21.0,40.0,4.0,12.0,14.0,27.0,881.5,16.0,11.0,99.5,3.0,512.0,152.0,17.0,28.0,31.0,23.0,7.0,17.0,138.0,321.0,149.0,71.0,14.0,15.0,22.0,17.0,143.5,748.0,26.0,13.0,8.0,45.0,4.0,19.0,123.0,71.0,151.0,12.0,12.0,75.0,529.0,62.5,7.0,15.0,11.0,5.0,219.0,21.0,40.0,119.0,9.0,10.0,10.0,5.0,17.0,21.0,2451.0,21.0,7.0,12.0,143.0,1118.0,28.0,20.0,41.0,51.0,50.0,4112.5,2220.5,111.0,51.0,74.0,32.0,34.0,13.0,14.0,12.0,0.0,3397.0,3456.0,27.0,56.0,40.0,59.0,7.0,17.0,1373.0,680.5,14.0,1913.5,9531.0
7Networks_RH_Cont_PFCmp_1,3.0,3.0,1.0,2.0,2.0,6.0,4.0,7.0,4.0,10.0,3.0,18.0,14.0,34.0,391.0,13.0,3.0,21.0,1.0,104.0,33.0,146.0,167.5,8.0,85.0,155.0,581.0,3843.0,143.0,1495.5,210.0,13.0,11.0,9.5,584.5,22.0,130.0,9.0,6.0,5.0,27.0,34.0,423.0,915.0,614.0,4895.0,299.5,464.5,57.0,228.5,78.0,4.0,8.0,3.0,2.0,270.0,3.0,6.0,17.0,8.0,38.5,13.0,10.0,29.5,11.0,1073.0,14.0,4.0,7.0,21.0,346.0,390.0,75.0,14.0,24.5,337.5,1553.5,11855.5,449.0,46.0,28.0,18.0,295.0,241.5,275.5,209.5,3397.0,0.0,1240.5,14.0,25.0,6.0,12.0,20.0,237.0,8656.5,14066.5,286.0,1358.5,4152.0
7Networks_RH_Cont_pCun_1,55.5,95.0,41.5,272.0,270.5,218.5,89.5,810.5,855.0,298.5,18.0,32.0,18.0,34.0,417.0,229.0,28.0,1109.0,9.0,2102.0,478.5,36.0,39.0,157.5,177.0,17.0,13.0,135.0,245.0,153.0,29.0,173.5,168.0,200.0,19.0,1707.5,584.5,268.0,100.0,56.0,425.5,21.0,30.0,35.0,26.0,107.0,24.0,19.0,485.0,2320.0,473.5,110.5,245.0,193.0,97.0,1826.0,849.0,4108.5,916.0,40.0,20.0,11.0,7.0,17.0,31.5,408.5,398.0,9.0,61.0,5922.5,3966.5,71.0,47.0,223.5,156.0,300.5,2266.5,1879.5,41.0,400.0,349.5,482.5,37.0,22.0,15.0,36.0,3456.0,1240.5,0.0,133.0,435.0,354.5,441.0,40.0,32.0,260.0,394.0,40.0,5416.5,9410.5
7Networks_RH_Default_Par_1,0.0,0.0,0.0,1.0,1.0,1.0,1.0,4.0,3.0,8.0,0.0,1.0,1.0,2.0,18.0,3.0,1.0,39.0,0.0,105.0,25.0,4.0,9.0,3.0,7.0,1.0,3.0,15.0,6.0,40.0,0.0,3.0,4.0,5.0,3.0,33.0,16.0,6.0,3.0,1.0,9.0,0.0,3.0,1.0,2.0,22.0,5.0,5.0,5.0,61.0,52.0,29.0,945.0,47.0,11.0,7.0,73.0,49.0,192.0,31.0,153.5,306.5,163.5,125.0,77.5,43.0,8985.5,100.0,270.0,400.0,196.0,1166.0,172.5,10530.0,252.0,365.5,4.0,116.5,14.0,443.5,6387.0,6706.5,76.0,301.0,67.0,763.5,27.0,14.0,133.0,0.0,3892.5,170.0,1663.5,36.0,221.0,3.0,109.0,127.0,10.0,17.0
7Networks_RH_Default_Temp_1,3.0,5.0,2.0,17.0,18.0,12.0,6.0,44.5,45.0,18.0,1.0,2.0,1.0,3.0,32.0,14.0,2.0,81.0,1.0,190.0,58.0,5.0,11.0,9.0,13.0,2.0,4.0,22.0,16.0,49.5,2.0,8.0,10.0,12.0,5.0,98.0,32.0,15.0,6.0,3.0,23.0,1.0,3.0,5.0,5.0,32.0,7.0,6.0,22.0,131.0,478.5,1400.0,5934.5,2145.0,573.0,146.5,1452.0,1244.0,562.0,77.0,119.0,153.5,114.5,102.5,97.5,72.0,5884.5,45.0,111.0,1014.0,439.5,845.5,165.0,4937.0,491.0,681.0,9.0,119.0,290.5,15300.5,1405.5,1687.0,322.0,471.0,132.5,944.5,56.0,25.0,435.0,3892.5,0.0,4800.0,9601.5,349.5,364.5,17.0,203.0,169.5,55.0,48.0
7Networks_RH_Default_Temp_2,2.0,5.0,2.0,15.0,17.0,11.0,5.0,39.0,40.0,12.0,0.0,1.0,0.0,1.0,11.0,12.0,1.0,58.0,0.0,110.0,29.0,1.0,2.0,5.0,8.0,0.0,0.0,4.0,7.0,5.0,5.0,6.0,7.0,8.0,0.0,78.0,20.0,10.0,4.0,2.0,17.0,0.0,1.0,7.0,4.0,4.0,1.0,1.0,20.0,92.0,239.0,1225.5,969.0,2314.0,560.0,146.0,1452.0,1491.5,6046.5,60.0,24.0,15.0,17.0,23.0,40.0,20.0,1173.0,9.0,51.0,905.0,240.5,62.0,28.0,420.5,140.0,2886.5,4.0,13.0,854.5,4840.0,109.5,655.5,236.0,29.0,16.0,100.0,40.0,6.0,354.5,170.0,4800.0,0.0,5769.0,851.0,83.5,28.5,31.0,25.0,57.0,39.0
7Networks_RH_Default_Temp_3,2.0,3.0,1.0,7.5,8.0,6.0,3.0,23.0,22.0,20.0,1.0,2.0,1.0,3.0,30.0,10.0,2.0,72.0,1.0,200.5,69.0,2.0,5.0,11.0,10.0,1.0,2.0,9.0,19.0,15.0,1.0,6.0,8.0,13.0,2.0,75.0,32.5,13.0,6.0,3.0,22.0,0.0,1.0,2.0,1.0,13.0,3.0,2.0,15.0,115.0,111.0,188.5,545.0,524.5,84.5,49.0,860.0,739.0,6297.5,171.0,104.0,42.0,26.0,42.0,80.0,55.0,1450.5,23.0,106.5,1120.0,537.5,234.0,56.5,11527.0,976.0,583.0,10.0,42.0,39.0,689.0,924.5,977.5,78.5,132.0,38.5,184.5,59.0,12.0,441.0,1663.5,9601.5,5769.0,0.0,86.0,172.5,5.0,90.5,57.0,49.0,43.0
7Networks_RH_Default_PFCv_1,0.0,1.0,0.0,3.0,4.0,3.0,1.0,7.0,8.0,1.0,0.0,0.0,0.0,0.0,3.0,2.0,0.0,8.0,0.0,10.0,2.0,0.0,1.0,0.0,2.0,0.0,5.0,16.0,1.0,7.0,44.5,1.0,1.0,1.0,4.0,14.0,5.0,1.0,0.0,0.0,2.0,1.0,11.0,78.0,86.5,48.0,1.0,2.0,5.0,15.0,86.0,675.0,249.0,775.5,310.5,63.0,234.0,242.0,109.0,63.0,115.5,15.0,8.0,46.0,26.0,30.0,143.0,8.0,12.0,88.0,30.0,67.0,30.5,51.0,87.5,5873.5,2.0,27.0,9396.5,1681.5,49.0,72.0,6263.0,86.0,60.0,37.0,7.0,20.0,40.0,36.0,349.5,851.0,86.0,0.0,5059.0,143.0,214.5,49.0,11.0,8.0
7Networks_RH_Default_PFCv_2,0.0,0.0,0.0,0.0,0.0,1.0,0.0,1.0,1.0,1.0,0.0,1.0,1.0,3.0,21.0,1.0,0.0,4.0,0.0,13.0,5.0,10.0,15.0,1.0,8.0,12.0,104.5,207.0,8.0,101.0,8.0,1.0,1.0,1.0,83.0,4.0,8.0,1.0,0.0,0.0,3.0,5.0,63.0,76.0,121.0,570.0,29.0,48.0,4.0,17.0,19.0,105.0,99.0,145.0,48.0,13.0,52.0,48.5,223.0,168.0,443.0,60.0,26.0,214.5,87.0,153.0,158.5,44.0,91.0,72.5,83.5,4854.0,258.0,228.0,543.5,9936.0,15.0,302.5,157.5,167.5,494.5,190.0,4382.0,5946.0,894.0,708.5,17.0,237.0,32.0,221.0,364.5,83.5,172.5,5059.0,0.0,106.0,2437.0,872.0,12.0,20.5
7Networks_RH_Default_PFCdPFCm_1,5.0,13.0,6.0,5.0,6.0,7.0,3.5,6.0,2.0,2.0,0.0,1.0,1.0,3.0,18.0,6.0,0.0,4.0,0.0,22.0,4.0,6.0,7.0,1.0,42.5,18.0,274.0,940.5,27.0,41.0,3455.0,61.0,3.0,1.0,199.0,8.0,193.0,16.0,2.0,1.0,4.0,131.0,697.0,9350.0,6055.5,3789.5,13.0,26.0,68.0,198.5,41.0,28.0,9.0,24.0,12.0,129.0,8.0,10.0,6.0,2.0,5.0,1.0,1.0,5.0,2.0,36.5,6.0,0.0,1.0,7.0,49.0,16.0,5.0,3.0,5.0,69.0,180.0,453.0,11078.5,207.0,5.0,4.0,2361.5,92.0,134.0,16.0,1373.0,8656.5,260.0,3.0,17.0,28.5,5.0,143.0,106.0,0.0,10887.5,30.0,634.0,1357.0
7Networks_RH_Default_PFCdPFCm_2,5.0,6.0,3.0,3.0,3.0,8.0,8.0,8.5,3.0,15.0,5.0,25.0,14.0,54.0,239.5,21.5,4.0,21.0,1.0,92.0,31.0,218.5,294.0,12.0,176.5,285.5,2002.5,4769.5,151.0,1822.5,216.0,26.0,16.0,13.0,1568.5,18.0,179.5,17.0,10.0,10.0,43.5,103.5,1286.5,2577.5,2739.5,12213.0,572.0,909.5,91.0,319.0,40.0,25.5,63.5,32.0,11.0,102.5,27.0,19.0,116.0,73.5,244.5,50.0,34.0,236.0,74.0,447.5,118.0,22.0,46.5,66.0,304.5,2529.0,838.0,118.5,214.0,2455.5,453.0,4992.5,568.0,82.0,211.0,155.0,7449.5,3172.5,10785.5,1552.5,680.5,14066.5,394.0,109.0,203.0,31.0,90.5,214.5,2437.0,10887.5,0.0,16825.0,449.5,960.0
7Networks_RH_Default_PFCdPFCm_3,1.0,0.0,0.0,0.0,0.0,1.0,2.5,2.0,1.0,5.0,1.0,10.0,8.0,24.0,101.5,10.0,2.0,11.0,1.0,37.0,17.0,114.0,185.5,5.0,41.0,96.0,217.5,881.5,47.0,1000.5,2.0,3.0,6.0,8.0,283.0,5.0,22.0,3.0,3.0,3.0,21.0,9.0,177.0,28.0,60.0,1371.5,278.0,354.5,12.0,51.0,15.0,5.0,120.5,6.0,1.0,3.0,43.0,13.0,57.0,33.0,127.0,42.0,88.0,564.5,127.5,308.5,258.5,24.0,89.0,162.5,227.0,3201.0,7520.5,63.0,91.0,1373.5,38.0,1641.5,10.0,61.0,169.5,430.5,718.5,1439.0,11134.0,8509.5,14.0,286.0,40.0,127.0,169.5,25.0,57.0,49.0,872.0,30.0,16825.0,0.0,7.0,15.0
7Networks_RH_Default_pCunPCC_1,14.0,31.0,21.0,112.0,140.0,138.0,19.0,325.0,477.5,23.0,1.0,1.0,1.0,1.0,24.5,39.0,1.0,114.0,0.0,104.0,19.0,3.0,4.0,5.0,19.5,2.0,9.0,47.5,14.0,28.0,34.0,26.0,17.0,9.0,8.0,257.0,72.0,27.0,7.0,3.0,26.0,3.0,10.0,57.0,35.0,80.0,4.0,5.0,170.0,194.5,1160.0,143.0,65.0,206.0,220.5,4407.5,182.0,2030.5,97.0,3.0,2.0,1.0,0.0,1.0,2.0,17.0,35.5,0.0,2.0,370.0,29.0,10.0,3.0,20.0,9.0,47.0,41.0,455.5,53.0,402.0,14.0,27.0,24.0,8.0,7.0,6.0,1913.5,1358.5,5416.5,10.0,55.0,57.0,49.0,11.0,12.0,634.0,449.5,7.0,0.0,5990.0
7Networks_RH_Default_pCunPCC_2,19.0,21.0,9.0,54.0,53.0,46.5,24.0,178.0,162.5,103.0,6.0,10.0,5.0,9.0,139.5,70.0,8.0,363.5,3.0,841.5,157.0,15.0,18.0,46.0,68.0,8.0,24.0,149.0,90.5,106.0,53.0,58.0,59.0,56.0,22.5,627.5,340.5,90.5,33.0,17.0,131.5,9.0,26.0,96.0,67.5,209.5,16.0,18.0,178.0,1108.5,311.0,22.0,20.0,21.0,16.0,583.0,32.0,155.0,89.0,4.0,4.0,1.0,1.0,3.0,5.0,115.0,20.0,1.0,5.5,180.5,218.5,21.0,6.0,23.0,16.0,58.0,674.0,2394.5,80.0,143.5,36.0,29.0,37.0,16.0,16.0,11.0,9531.0,4152.0,9410.5,17.0,48.0,39.0,43.0,8.0,20.5,1357.0,960.0,15.0,5990.0,0.0
